Time,Air_Quality_Quads_LimeTree,Bar,Quads LImetree Central Column,CentralColumn,Quads LImetree Salad Bar,SaladBar,Quads Limetree Hot Food Counter,HotCounter,Quads Limetree Pizza Counter,PizzaCounter,Mean,CO2Average
15/04/2022 00:00,365 ppm,365,366 ppm,366,358 ppm,358,363 ppm,363,363 ppm,363,363,363
15/04/2022 00:05,365 ppm,365,366 ppm,366,379 ppm,379,358 ppm,358,360 ppm,360,366,363
15/04/2022 00:10,365 ppm,365,362 ppm,362,367 ppm,367,359 ppm,359,368 ppm,368,364,363
15/04/2022 00:15,365 ppm,365,362 ppm,362,366 ppm,366,368 ppm,368,367 ppm,367,366,363
15/04/2022 00:20,365 ppm,365,359 ppm,359,364 ppm,364,359 ppm,359,364 ppm,364,362,363
15/04/2022 00:25,365 ppm,365,364 ppm,364,359 ppm,359,356 ppm,356,365 ppm,365,362,363
15/04/2022 00:30,365 ppm,365,363 ppm,363,370 ppm,370,356 ppm,356,362 ppm,362,363,363
15/04/2022 00:35,365 ppm,365,356 ppm,356,362 ppm,362,368 ppm,368,358 ppm,358,362,363
15/04/2022 00:40,365 ppm,365,361 ppm,361,364 ppm,364,359 ppm,359,360 ppm,360,362,363
15/04/2022 00:45,365 ppm,365,364 ppm,364,366 ppm,366,358 ppm,358,368 ppm,368,364,363
15/04/2022 00:50,365 ppm,365,361 ppm,361,360 ppm,360,359 ppm,359,357 ppm,357,360,363
15/04/2022 00:55,365 ppm,365,358 ppm,358,365 ppm,365,360 ppm,360,367 ppm,367,363,363
15/04/2022 01:00,365 ppm,365,365 ppm,365,360 ppm,360,357 ppm,357,360 ppm,360,361,363
15/04/2022 01:05,365 ppm,365,362 ppm,362,364 ppm,364,359 ppm,359,363 ppm,363,363,363
15/04/2022 01:10,365 ppm,365,360 ppm,360,360 ppm,360,358 ppm,358,367 ppm,367,362,363
15/04/2022 01:15,365 ppm,365,361 ppm,361,357 ppm,357,357 ppm,357,361 ppm,361,360,363
15/04/2022 01:20,365 ppm,365,357 ppm,357,364 ppm,364,361 ppm,361,366 ppm,366,363,362
15/04/2022 01:25,365 ppm,365,362 ppm,362,365 ppm,365,361 ppm,361,367 ppm,367,364,362
15/04/2022 01:30,365 ppm,365,360 ppm,360,371 ppm,371,360 ppm,360,365 ppm,365,364,362
15/04/2022 01:35,365 ppm,365,363 ppm,363,363 ppm,363,367 ppm,367,360 ppm,360,364,362
15/04/2022 01:40,365 ppm,365,358 ppm,358,360 ppm,360,361 ppm,361,361 ppm,361,361,362
15/04/2022 01:45,365 ppm,365,359 ppm,359,362 ppm,362,360 ppm,360,357 ppm,357,361,362
15/04/2022 01:50,365 ppm,365,364 ppm,364,362 ppm,362,361 ppm,361,363 ppm,363,363,362
15/04/2022 01:55,365 ppm,365,358 ppm,358,367 ppm,367,359 ppm,359,360 ppm,360,362,362
15/04/2022 02:00,365 ppm,365,362 ppm,362,365 ppm,365,362 ppm,362,357 ppm,357,362,362
15/04/2022 02:05,365 ppm,365,366 ppm,366,363 ppm,363,358 ppm,358,358 ppm,358,362,362
15/04/2022 02:10,365 ppm,365,357 ppm,357,367 ppm,367,360 ppm,360,357 ppm,357,361,362
15/04/2022 02:15,365 ppm,365,357 ppm,357,364 ppm,364,360 ppm,360,366 ppm,366,362,362
15/04/2022 02:20,365 ppm,365,364 ppm,364,363 ppm,363,362 ppm,362,363 ppm,363,363,362
15/04/2022 02:25,365 ppm,365,360 ppm,360,365 ppm,365,360 ppm,360,360 ppm,360,362,362
15/04/2022 02:30,365 ppm,365,363 ppm,363,359 ppm,359,358 ppm,358,365 ppm,365,362,362
15/04/2022 02:35,365 ppm,365,367 ppm,367,365 ppm,365,359 ppm,359,360 ppm,360,363,362
15/04/2022 02:40,365 ppm,365,367 ppm,367,363 ppm,363,359 ppm,359,359 ppm,359,363,362
15/04/2022 02:45,365 ppm,365,365 ppm,365,361 ppm,361,356 ppm,356,360 ppm,360,361,362
15/04/2022 02:50,365 ppm,365,358 ppm,358,364 ppm,364,359 ppm,359,365 ppm,365,362,362
15/04/2022 02:55,365 ppm,365,362 ppm,362,367 ppm,367,357 ppm,357,364 ppm,364,363,362
15/04/2022 03:00,365 ppm,365,359 ppm,359,367 ppm,367,356 ppm,356,362 ppm,362,362,362
15/04/2022 03:05,365 ppm,365,363 ppm,363,356 ppm,356,360 ppm,360,360 ppm,360,361,362
15/04/2022 03:10,365 ppm,365,360 ppm,360,363 ppm,363,357 ppm,357,359 ppm,359,361,362
15/04/2022 03:15,365 ppm,365,365 ppm,365,368 ppm,368,356 ppm,356,365 ppm,365,364,362
15/04/2022 03:20,365 ppm,365,359 ppm,359,367 ppm,367,361 ppm,361,364 ppm,364,363,362
15/04/2022 03:25,365 ppm,365,359 ppm,359,366 ppm,366,360 ppm,360,365 ppm,365,363,362
15/04/2022 03:30,365 ppm,365,363 ppm,363,362 ppm,362,359 ppm,359,359 ppm,359,362,362
15/04/2022 03:35,365 ppm,365,360 ppm,360,364 ppm,364,359 ppm,359,361 ppm,361,362,362
15/04/2022 03:40,365 ppm,365,362 ppm,362,360 ppm,360,367 ppm,367,363 ppm,363,363,362
15/04/2022 03:45,365 ppm,365,361 ppm,361,359 ppm,359,359 ppm,359,364 ppm,364,362,362
15/04/2022 03:50,365 ppm,365,360 ppm,360,368 ppm,368,357 ppm,357,363 ppm,363,363,362
15/04/2022 03:55,365 ppm,365,357 ppm,357,363 ppm,363,366 ppm,366,358 ppm,358,362,362
15/04/2022 04:00,365 ppm,365,361 ppm,361,365 ppm,365,367 ppm,367,364 ppm,364,364,362
15/04/2022 04:05,365 ppm,365,361 ppm,361,364 ppm,364,367 ppm,367,359 ppm,359,363,362
15/04/2022 04:10,365 ppm,365,361 ppm,361,366 ppm,366,364 ppm,364,360 ppm,360,363,362
15/04/2022 04:15,365 ppm,365,361 ppm,361,361 ppm,361,358 ppm,358,366 ppm,366,362,362
15/04/2022 04:20,365 ppm,365,356 ppm,356,366 ppm,366,358 ppm,358,368 ppm,368,363,363
15/04/2022 04:25,365 ppm,365,359 ppm,359,361 ppm,361,358 ppm,358,364 ppm,364,361,363
15/04/2022 04:30,365 ppm,365,361 ppm,361,365 ppm,365,357 ppm,357,360 ppm,360,362,363
15/04/2022 04:35,365 ppm,365,359 ppm,359,367 ppm,367,359 ppm,359,363 ppm,363,363,362
15/04/2022 04:40,365 ppm,365,358 ppm,358,363 ppm,363,366 ppm,366,358 ppm,358,362,362
15/04/2022 04:45,365 ppm,365,363 ppm,363,365 ppm,365,365 ppm,365,365 ppm,365,365,363
15/04/2022 04:50,365 ppm,365,358 ppm,358,362 ppm,362,367 ppm,367,363 ppm,363,363,363
15/04/2022 04:55,365 ppm,365,367 ppm,367,366 ppm,366,366 ppm,366,356 ppm,356,364,363
15/04/2022 05:00,365 ppm,365,367 ppm,367,363 ppm,363,368 ppm,368,360 ppm,360,365,363
15/04/2022 05:05,365 ppm,365,363 ppm,363,368 ppm,368,365 ppm,365,366 ppm,366,365,363
15/04/2022 05:10,365 ppm,365,363 ppm,363,365 ppm,365,364 ppm,364,368 ppm,368,365,363
15/04/2022 05:15,365 ppm,365,368 ppm,368,364 ppm,364,367 ppm,367,366 ppm,366,366,363
15/04/2022 05:20,365 ppm,365,364 ppm,364,365 ppm,365,367 ppm,367,364 ppm,364,365,364
15/04/2022 05:25,365 ppm,365,364 ppm,364,363 ppm,363,361 ppm,361,367 ppm,367,364,364
15/04/2022 05:30,365 ppm,365,363 ppm,363,359 ppm,359,367 ppm,367,364 ppm,364,364,364
15/04/2022 05:35,365 ppm,365,361 ppm,361,361 ppm,361,365 ppm,365,363 ppm,363,363,364
15/04/2022 05:40,365 ppm,365,363 ppm,363,361 ppm,361,367 ppm,367,364 ppm,364,364,364
15/04/2022 05:45,365 ppm,365,361 ppm,361,358 ppm,358,365 ppm,365,358 ppm,358,361,364
15/04/2022 05:50,365 ppm,365,358 ppm,358,357 ppm,357,362 ppm,362,361 ppm,361,361,364
15/04/2022 05:55,365 ppm,365,357 ppm,357,361 ppm,361,364 ppm,364,362 ppm,362,362,364
15/04/2022 06:00,365 ppm,365,358 ppm,358,360 ppm,360,362 ppm,362,364 ppm,364,362,364
15/04/2022 06:05,365 ppm,365,357 ppm,357,366 ppm,366,365 ppm,365,361 ppm,361,363,364
15/04/2022 06:10,365 ppm,365,363 ppm,363,365 ppm,365,361 ppm,361,359 ppm,359,363,363
15/04/2022 06:15,365 ppm,365,361 ppm,361,378 ppm,378,364 ppm,364,359 ppm,359,365,363
15/04/2022 06:20,365 ppm,365,359 ppm,359,363 ppm,363,367 ppm,367,374 ppm,374,366,364
15/04/2022 06:25,365 ppm,365,364 ppm,364,364 ppm,364,367 ppm,367,366 ppm,366,365,364
15/04/2022 06:30,365 ppm,365,360 ppm,360,367 ppm,367,363 ppm,363,358 ppm,358,363,363
15/04/2022 06:35,365 ppm,365,358 ppm,358,400 ppm,400,365 ppm,365,367 ppm,367,371,364
15/04/2022 06:40,365 ppm,365,363 ppm,363,373 ppm,373,361 ppm,361,360 ppm,360,364,364
15/04/2022 06:45,365 ppm,365,365 ppm,365,369 ppm,369,360 ppm,360,364 ppm,364,365,364
15/04/2022 06:50,365 ppm,365,365 ppm,365,363 ppm,363,365 ppm,365,367 ppm,367,365,364
15/04/2022 06:55,365 ppm,365,362 ppm,362,379 ppm,379,360 ppm,360,360 ppm,360,365,364
15/04/2022 07:00,365 ppm,365,358 ppm,358,363 ppm,363,366 ppm,366,358 ppm,358,362,364
15/04/2022 07:05,365 ppm,365,363 ppm,363,386 ppm,386,366 ppm,366,366 ppm,366,369,365
15/04/2022 07:10,365 ppm,365,361 ppm,361,357 ppm,357,359 ppm,359,359 ppm,359,360,365
15/04/2022 07:15,365 ppm,365,361 ppm,361,375 ppm,375,359 ppm,359,359 ppm,359,364,365
15/04/2022 07:20,365 ppm,365,360 ppm,360,363 ppm,363,367 ppm,367,359 ppm,359,363,365
15/04/2022 07:25,365 ppm,365,363 ppm,363,362 ppm,362,367 ppm,367,357 ppm,357,363,365
15/04/2022 07:30,365 ppm,365,364 ppm,364,361 ppm,361,364 ppm,364,358 ppm,358,362,364
15/04/2022 07:35,365 ppm,365,365 ppm,365,386 ppm,386,361 ppm,361,363 ppm,363,368,365
15/04/2022 07:40,365 ppm,365,362 ppm,362,373 ppm,373,357 ppm,357,363 ppm,363,364,365
15/04/2022 07:45,365 ppm,365,362 ppm,362,358 ppm,358,364 ppm,364,363 ppm,363,362,365
15/04/2022 07:50,365 ppm,365,356 ppm,356,361 ppm,361,365 ppm,365,363 ppm,363,362,364
15/04/2022 07:55,365 ppm,365,364 ppm,364,391 ppm,391,359 ppm,359,358 ppm,358,367,364
15/04/2022 08:00,365 ppm,365,358 ppm,358,374 ppm,374,359 ppm,359,360 ppm,360,363,364
15/04/2022 08:05,365 ppm,365,362 ppm,362,372 ppm,372,361 ppm,361,356 ppm,356,363,364
15/04/2022 08:10,365 ppm,365,362 ppm,362,373 ppm,373,360 ppm,360,359 ppm,359,364,364
15/04/2022 08:15,365 ppm,365,364 ppm,364,367 ppm,367,362 ppm,362,365 ppm,365,365,364
15/04/2022 08:20,365 ppm,365,363 ppm,363,360 ppm,360,358 ppm,358,363 ppm,363,362,363
15/04/2022 08:25,365 ppm,365,366 ppm,366,367 ppm,367,359 ppm,359,358 ppm,358,363,364
15/04/2022 08:30,365 ppm,365,362 ppm,362,376 ppm,376,356 ppm,356,367 ppm,367,365,364
15/04/2022 08:35,365 ppm,365,365 ppm,365,366 ppm,366,363 ppm,363,366 ppm,366,365,364
15/04/2022 08:40,365 ppm,365,359 ppm,359,358 ppm,358,362 ppm,362,365 ppm,365,362,364
15/04/2022 08:45,365 ppm,365,362 ppm,362,359 ppm,359,361 ppm,361,365 ppm,365,362,364
15/04/2022 08:50,365 ppm,365,358 ppm,358,360 ppm,360,360 ppm,360,360 ppm,360,361,363
15/04/2022 08:55,365 ppm,365,365 ppm,365,363 ppm,363,357 ppm,357,367 ppm,367,363,363
15/04/2022 09:00,365 ppm,365,360 ppm,360,375 ppm,375,361 ppm,361,359 ppm,359,364,363
15/04/2022 09:05,365 ppm,365,362 ppm,362,368 ppm,368,362 ppm,362,359 ppm,359,363,364
15/04/2022 09:10,365 ppm,365,363 ppm,363,383 ppm,383,364 ppm,364,364 ppm,364,368,364
15/04/2022 09:15,365 ppm,365,360 ppm,360,382 ppm,382,366 ppm,366,365 ppm,365,368,364
15/04/2022 09:20,365 ppm,365,360 ppm,360,361 ppm,361,367 ppm,367,358 ppm,358,362,364
15/04/2022 09:25,365 ppm,365,365 ppm,365,367 ppm,367,365 ppm,365,356 ppm,356,364,364
15/04/2022 09:30,365 ppm,365,361 ppm,361,364 ppm,364,358 ppm,358,362 ppm,362,362,364
15/04/2022 09:35,365 ppm,365,364 ppm,364,374 ppm,374,360 ppm,360,367 ppm,367,366,364
15/04/2022 09:40,365 ppm,365,360 ppm,360,414 ppm,414,357 ppm,357,366 ppm,366,372,364
15/04/2022 09:45,365 ppm,365,358 ppm,358,387 ppm,387,357 ppm,357,363 ppm,363,366,365
15/04/2022 09:50,365 ppm,365,366 ppm,366,374 ppm,374,358 ppm,358,363 ppm,363,365,365
15/04/2022 09:55,365 ppm,365,363 ppm,363,366 ppm,366,366 ppm,366,364 ppm,364,365,365
15/04/2022 10:00,365 ppm,365,358 ppm,358,369 ppm,369,363 ppm,363,361 ppm,361,363,365
15/04/2022 10:05,365 ppm,365,358 ppm,358,361 ppm,361,362 ppm,362,367 ppm,367,363,365
15/04/2022 10:10,365 ppm,365,357 ppm,357,358 ppm,358,365 ppm,365,360 ppm,360,361,365
15/04/2022 10:15,365 ppm,365,360 ppm,360,376 ppm,376,356 ppm,356,365 ppm,365,364,365
15/04/2022 10:20,365 ppm,365,360 ppm,360,388 ppm,388,358 ppm,358,362 ppm,362,367,365
15/04/2022 10:25,365 ppm,365,367 ppm,367,359 ppm,359,366 ppm,366,362 ppm,362,364,365
15/04/2022 10:30,365 ppm,365,361 ppm,361,421 ppm,421,366 ppm,366,361 ppm,361,375,365
15/04/2022 10:35,365 ppm,365,360 ppm,360,366 ppm,366,363 ppm,363,362 ppm,362,363,365
15/04/2022 10:40,365 ppm,365,364 ppm,364,414 ppm,414,360 ppm,360,362 ppm,362,373,366
15/04/2022 10:45,365 ppm,365,365 ppm,365,384 ppm,384,361 ppm,361,360 ppm,360,367,366
15/04/2022 10:50,365 ppm,365,383 ppm,383,362 ppm,362,359 ppm,359,361 ppm,361,366,366
15/04/2022 10:55,365 ppm,365,365 ppm,365,393 ppm,393,365 ppm,365,360 ppm,360,370,366
15/04/2022 11:00,365 ppm,365,360 ppm,360,363 ppm,363,365 ppm,365,361 ppm,361,363,366
15/04/2022 11:05,365 ppm,365,362 ppm,362,375 ppm,375,358 ppm,358,357 ppm,357,363,366
15/04/2022 11:10,365 ppm,365,361 ppm,361,398 ppm,398,357 ppm,357,366 ppm,366,369,366
15/04/2022 11:15,365 ppm,365,365 ppm,365,361 ppm,361,366 ppm,366,366 ppm,366,365,366
15/04/2022 11:20,365 ppm,365,359 ppm,359,380 ppm,380,359 ppm,359,357 ppm,357,364,366
15/04/2022 11:25,365 ppm,365,365 ppm,365,367 ppm,367,358 ppm,358,362 ppm,362,363,366
15/04/2022 11:30,365 ppm,365,362 ppm,362,364 ppm,364,366 ppm,366,365 ppm,365,364,366
15/04/2022 11:35,365 ppm,365,365 ppm,365,357 ppm,357,366 ppm,366,363 ppm,363,363,366
15/04/2022 11:40,365 ppm,365,361 ppm,361,359 ppm,359,365 ppm,365,365 ppm,365,363,366
15/04/2022 11:45,365 ppm,365,366 ppm,366,365 ppm,365,365 ppm,365,368 ppm,368,366,366
15/04/2022 11:50,365 ppm,365,361 ppm,361,375 ppm,375,366 ppm,366,364 ppm,364,366,366
15/04/2022 11:55,365 ppm,365,356 ppm,356,357 ppm,357,361 ppm,361,365 ppm,365,361,365
15/04/2022 12:00,365 ppm,365,357 ppm,357,376 ppm,376,361 ppm,361,362 ppm,362,364,365
15/04/2022 12:05,365 ppm,365,360 ppm,360,362 ppm,362,358 ppm,358,365 ppm,365,362,364
15/04/2022 12:10,365 ppm,365,361 ppm,361,395 ppm,395,364 ppm,364,359 ppm,359,369,364
15/04/2022 12:15,365 ppm,365,359 ppm,359,364 ppm,364,365 ppm,365,362 ppm,362,363,364
15/04/2022 12:20,365 ppm,365,358 ppm,358,359 ppm,359,366 ppm,366,359 ppm,359,361,364
15/04/2022 12:25,365 ppm,365,360 ppm,360,378 ppm,378,364 ppm,364,359 ppm,359,365,364
15/04/2022 12:30,365 ppm,365,361 ppm,361,366 ppm,366,365 ppm,365,362 ppm,362,364,364
15/04/2022 12:35,365 ppm,365,360 ppm,360,402 ppm,402,366 ppm,366,362 ppm,362,371,364
15/04/2022 12:40,365 ppm,365,358 ppm,358,359 ppm,359,362 ppm,362,366 ppm,366,362,364
15/04/2022 12:45,365 ppm,365,367 ppm,367,365 ppm,365,362 ppm,362,359 ppm,359,364,364
15/04/2022 12:50,365 ppm,365,361 ppm,361,362 ppm,362,360 ppm,360,365 ppm,365,363,364
15/04/2022 12:55,365 ppm,365,366 ppm,366,362 ppm,362,363 ppm,363,364 ppm,364,364,364
15/04/2022 13:00,365 ppm,365,359 ppm,359,406 ppm,406,361 ppm,361,365 ppm,365,371,365
15/04/2022 13:05,365 ppm,365,362 ppm,362,367 ppm,367,365 ppm,365,360 ppm,360,364,364
15/04/2022 13:10,365 ppm,365,360 ppm,360,373 ppm,373,366 ppm,366,365 ppm,365,366,365
15/04/2022 13:15,365 ppm,365,363 ppm,363,369 ppm,369,365 ppm,365,358 ppm,358,364,365
15/04/2022 13:20,365 ppm,365,366 ppm,366,375 ppm,375,366 ppm,366,360 ppm,360,366,365
15/04/2022 13:25,365 ppm,365,365 ppm,365,379 ppm,379,367 ppm,367,367 ppm,367,369,365
15/04/2022 13:30,365 ppm,365,357 ppm,357,377 ppm,377,360 ppm,360,365 ppm,365,365,365
15/04/2022 13:35,365 ppm,365,368 ppm,368,366 ppm,366,363 ppm,363,364 ppm,364,365,365
15/04/2022 13:40,365 ppm,365,368 ppm,368,385 ppm,385,359 ppm,359,366 ppm,366,369,366
15/04/2022 13:45,365 ppm,365,359 ppm,359,358 ppm,358,362 ppm,362,360 ppm,360,361,365
15/04/2022 13:50,365 ppm,365,364 ppm,364,360 ppm,360,356 ppm,356,366 ppm,366,362,365
15/04/2022 13:55,365 ppm,365,364 ppm,364,373 ppm,373,357 ppm,357,363 ppm,363,364,365
15/04/2022 14:00,365 ppm,365,359 ppm,359,366 ppm,366,363 ppm,363,360 ppm,360,363,365
15/04/2022 14:05,365 ppm,365,359 ppm,359,394 ppm,394,358 ppm,358,367 ppm,367,369,365
15/04/2022 14:10,365 ppm,365,359 ppm,359,366 ppm,366,367 ppm,367,357 ppm,357,363,365
15/04/2022 14:15,365 ppm,365,366 ppm,366,359 ppm,359,365 ppm,365,366 ppm,366,364,365
15/04/2022 14:20,365 ppm,365,362 ppm,362,366 ppm,366,363 ppm,363,360 ppm,360,363,365
15/04/2022 14:25,365 ppm,365,359 ppm,359,364 ppm,364,363 ppm,363,359 ppm,359,362,365
15/04/2022 14:30,365 ppm,365,364 ppm,364,383 ppm,383,362 ppm,362,365 ppm,365,368,365
15/04/2022 14:35,365 ppm,365,362 ppm,362,364 ppm,364,365 ppm,365,363 ppm,363,364,365
15/04/2022 14:40,365 ppm,365,366 ppm,366,380 ppm,380,363 ppm,363,362 ppm,362,367,365
15/04/2022 14:45,365 ppm,365,358 ppm,358,385 ppm,385,359 ppm,359,359 ppm,359,365,365
15/04/2022 14:50,365 ppm,365,363 ppm,363,362 ppm,362,361 ppm,361,358 ppm,358,362,364
15/04/2022 14:55,365 ppm,365,359 ppm,359,357 ppm,357,359 ppm,359,364 ppm,364,361,364
15/04/2022 15:00,365 ppm,365,360 ppm,360,359 ppm,359,366 ppm,366,364 ppm,364,363,364
15/04/2022 15:05,365 ppm,365,357 ppm,357,359 ppm,359,360 ppm,360,361 ppm,361,360,364
15/04/2022 15:10,365 ppm,365,360 ppm,360,365 ppm,365,359 ppm,359,358 ppm,358,361,364
15/04/2022 15:15,365 ppm,365,366 ppm,366,364 ppm,364,366 ppm,366,364 ppm,364,365,364
15/04/2022 15:20,365 ppm,365,358 ppm,358,368 ppm,368,358 ppm,358,365 ppm,365,363,363
15/04/2022 15:25,365 ppm,365,358 ppm,358,360 ppm,360,361 ppm,361,359 ppm,359,361,363
15/04/2022 15:30,365 ppm,365,361 ppm,361,364 ppm,364,359 ppm,359,358 ppm,358,361,363
15/04/2022 15:35,365 ppm,365,359 ppm,359,359 ppm,359,362 ppm,362,360 ppm,360,361,363
15/04/2022 15:40,365 ppm,365,358 ppm,358,366 ppm,366,362 ppm,362,358 ppm,358,362,363
15/04/2022 15:45,365 ppm,365,360 ppm,360,375 ppm,375,359 ppm,359,363 ppm,363,364,363
15/04/2022 15:50,365 ppm,365,360 ppm,360,365 ppm,365,360 ppm,360,367 ppm,367,363,363
15/04/2022 15:55,365 ppm,365,370 ppm,370,367 ppm,367,360 ppm,360,364 ppm,364,365,363
15/04/2022 16:00,365 ppm,365,363 ppm,363,364 ppm,364,360 ppm,360,358 ppm,358,362,362
15/04/2022 16:05,365 ppm,365,358 ppm,358,366 ppm,366,360 ppm,360,358 ppm,358,361,362
15/04/2022 16:10,365 ppm,365,446 ppm,446,383 ppm,383,362 ppm,362,359 ppm,359,383,364
15/04/2022 16:15,365 ppm,365,359 ppm,359,364 ppm,364,361 ppm,361,364 ppm,364,363,364
15/04/2022 16:20,365 ppm,365,363 ppm,363,368 ppm,368,363 ppm,363,359 ppm,359,364,364
15/04/2022 16:25,365 ppm,365,563 ppm,563,366 ppm,366,364 ppm,364,368 ppm,368,405,367
15/04/2022 16:30,365 ppm,365,402 ppm,402,363 ppm,363,363 ppm,363,361 ppm,361,371,367
15/04/2022 16:35,365 ppm,365,438 ppm,438,364 ppm,364,359 ppm,359,360 ppm,360,377,368
15/04/2022 16:40,365 ppm,365,367 ppm,367,362 ppm,362,364 ppm,364,359 ppm,359,363,368
15/04/2022 16:45,365 ppm,365,361 ppm,361,361 ppm,361,367 ppm,367,362 ppm,362,363,369
15/04/2022 16:50,365 ppm,365,356 ppm,356,361 ppm,361,365 ppm,365,357 ppm,357,361,369
15/04/2022 16:55,365 ppm,365,359 ppm,359,367 ppm,367,364 ppm,364,362 ppm,362,363,369
15/04/2022 17:00,365 ppm,365,362 ppm,362,363 ppm,363,361 ppm,361,361 ppm,361,362,369
15/04/2022 17:05,365 ppm,365,359 ppm,359,366 ppm,366,358 ppm,358,360 ppm,360,362,368
15/04/2022 17:10,365 ppm,365,360 ppm,360,364 ppm,364,360 ppm,360,363 ppm,363,362,368
15/04/2022 17:15,365 ppm,365,358 ppm,358,363 ppm,363,359 ppm,359,362 ppm,362,361,368
15/04/2022 17:20,365 ppm,365,358 ppm,358,361 ppm,361,358 ppm,358,361 ppm,361,361,368
15/04/2022 17:25,365 ppm,365,361 ppm,361,368 ppm,368,360 ppm,360,361 ppm,361,363,367
15/04/2022 17:30,365 ppm,365,360 ppm,360,366 ppm,366,358 ppm,358,366 ppm,366,363,367
15/04/2022 17:35,365 ppm,365,359 ppm,359,359 ppm,359,359 ppm,359,366 ppm,366,362,367
15/04/2022 17:40,365 ppm,365,356 ppm,356,362 ppm,362,362 ppm,362,364 ppm,364,362,364
15/04/2022 17:45,365 ppm,365,358 ppm,358,363 ppm,363,361 ppm,361,364 ppm,364,362,363
15/04/2022 17:50,365 ppm,365,366 ppm,366,365 ppm,365,357 ppm,357,364 ppm,364,363,362
15/04/2022 17:55,365 ppm,365,379 ppm,379,359 ppm,359,358 ppm,358,363 ppm,363,365,362
15/04/2022 18:00,365 ppm,365,364 ppm,364,364 ppm,364,357 ppm,357,356 ppm,356,361,362
15/04/2022 18:05,365 ppm,365,367 ppm,367,364 ppm,364,360 ppm,360,362 ppm,362,364,362
15/04/2022 18:10,365 ppm,365,367 ppm,367,367 ppm,367,363 ppm,363,357 ppm,357,364,362
15/04/2022 18:15,365 ppm,365,365 ppm,365,362 ppm,362,360 ppm,360,362 ppm,362,363,362
15/04/2022 18:20,365 ppm,365,360 ppm,360,361 ppm,361,360 ppm,360,361 ppm,361,361,362
15/04/2022 18:25,365 ppm,365,362 ppm,362,364 ppm,364,365 ppm,365,360 ppm,360,363,363
15/04/2022 18:30,365 ppm,365,362 ppm,362,361 ppm,361,360 ppm,360,367 ppm,367,363,363
15/04/2022 18:35,365 ppm,365,363 ppm,363,357 ppm,357,365 ppm,365,359 ppm,359,362,363
15/04/2022 18:40,365 ppm,365,361 ppm,361,374 ppm,374,366 ppm,366,359 ppm,359,365,363
15/04/2022 18:45,365 ppm,365,359 ppm,359,365 ppm,365,358 ppm,358,357 ppm,357,361,363
15/04/2022 18:50,365 ppm,365,362 ppm,362,362 ppm,362,359 ppm,359,361 ppm,361,362,363
15/04/2022 18:55,365 ppm,365,364 ppm,364,365 ppm,365,357 ppm,357,360 ppm,360,362,363
15/04/2022 19:00,365 ppm,365,366 ppm,366,361 ppm,361,365 ppm,365,359 ppm,359,363,363
15/04/2022 19:05,365 ppm,365,365 ppm,365,370 ppm,370,364 ppm,364,364 ppm,364,366,363
15/04/2022 19:10,365 ppm,365,360 ppm,360,367 ppm,367,365 ppm,365,365 ppm,365,364,363
15/04/2022 19:15,365 ppm,365,366 ppm,366,370 ppm,370,363 ppm,363,364 ppm,364,366,363
15/04/2022 19:20,365 ppm,365,368 ppm,368,358 ppm,358,362 ppm,362,361 ppm,361,363,363
15/04/2022 19:25,365 ppm,365,364 ppm,364,363 ppm,363,361 ppm,361,360 ppm,360,363,363
15/04/2022 19:30,365 ppm,365,358 ppm,358,373 ppm,373,363 ppm,363,364 ppm,364,365,363
15/04/2022 19:35,365 ppm,365,366 ppm,366,360 ppm,360,363 ppm,363,363 ppm,363,363,363
15/04/2022 19:40,365 ppm,365,361 ppm,361,362 ppm,362,358 ppm,358,367 ppm,367,363,363
15/04/2022 19:45,365 ppm,365,360 ppm,360,364 ppm,364,364 ppm,364,364 ppm,364,363,363
15/04/2022 19:50,365 ppm,365,362 ppm,362,360 ppm,360,368 ppm,368,361 ppm,361,363,363
15/04/2022 19:55,365 ppm,365,362 ppm,362,371 ppm,371,366 ppm,366,359 ppm,359,365,363
15/04/2022 20:00,365 ppm,365,364 ppm,364,361 ppm,361,361 ppm,361,366 ppm,366,363,364
15/04/2022 20:05,365 ppm,365,366 ppm,366,363 ppm,363,358 ppm,358,357 ppm,357,362,364
15/04/2022 20:10,365 ppm,365,363 ppm,363,368 ppm,368,362 ppm,362,357 ppm,357,363,364
15/04/2022 20:15,365 ppm,365,360 ppm,360,360 ppm,360,360 ppm,360,358 ppm,358,361,363
15/04/2022 20:20,365 ppm,365,368 ppm,368,360 ppm,360,360 ppm,360,365 ppm,365,364,363
15/04/2022 20:25,365 ppm,365,364 ppm,364,366 ppm,366,365 ppm,365,366 ppm,366,365,363
15/04/2022 20:30,365 ppm,365,359 ppm,359,370 ppm,370,357 ppm,357,365 ppm,365,363,363
15/04/2022 20:35,365 ppm,365,362 ppm,362,376 ppm,376,357 ppm,357,364 ppm,364,365,363
15/04/2022 20:40,365 ppm,365,368 ppm,368,358 ppm,358,359 ppm,359,366 ppm,366,363,363
15/04/2022 20:45,365 ppm,365,364 ppm,364,361 ppm,361,360 ppm,360,366 ppm,366,363,363
15/04/2022 20:50,365 ppm,365,359 ppm,359,380 ppm,380,364 ppm,364,366 ppm,366,367,364
15/04/2022 20:55,365 ppm,365,361 ppm,361,367 ppm,367,361 ppm,361,365 ppm,365,364,364
15/04/2022 21:00,365 ppm,365,358 ppm,358,364 ppm,364,357 ppm,357,366 ppm,366,362,363
15/04/2022 21:05,365 ppm,365,357 ppm,357,360 ppm,360,361 ppm,361,367 ppm,367,362,363
15/04/2022 21:10,365 ppm,365,360 ppm,360,360 ppm,360,362 ppm,362,362 ppm,362,362,363
15/04/2022 21:15,365 ppm,365,365 ppm,365,409 ppm,409,365 ppm,365,366 ppm,366,374,364
15/04/2022 21:20,365 ppm,365,357 ppm,357,365 ppm,365,362 ppm,362,358 ppm,358,361,364
15/04/2022 21:25,365 ppm,365,358 ppm,358,375 ppm,375,366 ppm,366,363 ppm,363,365,364
15/04/2022 21:30,365 ppm,365,363 ppm,363,381 ppm,381,366 ppm,366,358 ppm,358,367,364
15/04/2022 21:35,365 ppm,365,368 ppm,368,368 ppm,368,361 ppm,361,366 ppm,366,366,365
15/04/2022 21:40,365 ppm,365,358 ppm,358,374 ppm,374,363 ppm,363,365 ppm,365,365,365
15/04/2022 21:45,365 ppm,365,361 ppm,361,367 ppm,367,363 ppm,363,358 ppm,358,363,365
15/04/2022 21:50,365 ppm,365,362 ppm,362,398 ppm,398,364 ppm,364,356 ppm,356,369,365
15/04/2022 21:55,365 ppm,365,359 ppm,359,385 ppm,385,364 ppm,364,359 ppm,359,366,365
15/04/2022 22:00,365 ppm,365,361 ppm,361,365 ppm,365,366 ppm,366,359 ppm,359,363,365
15/04/2022 22:05,365 ppm,365,361 ppm,361,373 ppm,373,363 ppm,363,360 ppm,360,364,365
15/04/2022 22:10,365 ppm,365,361 ppm,361,376 ppm,376,360 ppm,360,441 ppm,441,381,366
15/04/2022 22:15,365 ppm,365,365 ppm,365,374 ppm,374,358 ppm,358,396 ppm,396,372,367
15/04/2022 22:20,365 ppm,365,363 ppm,363,359 ppm,359,364 ppm,364,402 ppm,402,371,367
15/04/2022 22:25,365 ppm,365,358 ppm,358,365 ppm,365,363 ppm,363,365 ppm,365,363,367
15/04/2022 22:30,365 ppm,365,359 ppm,359,366 ppm,366,365 ppm,365,383 ppm,383,368,367
15/04/2022 22:35,365 ppm,365,364 ppm,364,367 ppm,367,360 ppm,360,361 ppm,361,363,367
15/04/2022 22:40,365 ppm,365,361 ppm,361,361 ppm,361,363 ppm,363,366 ppm,366,363,367
15/04/2022 22:45,365 ppm,365,359 ppm,359,366 ppm,366,365 ppm,365,360 ppm,360,363,367
15/04/2022 22:50,365 ppm,365,362 ppm,362,366 ppm,366,367 ppm,367,366 ppm,366,365,367
15/04/2022 22:55,365 ppm,365,362 ppm,362,365 ppm,365,364 ppm,364,364 ppm,364,364,367
15/04/2022 23:00,365 ppm,365,364 ppm,364,366 ppm,366,365 ppm,365,365 ppm,365,365,367
15/04/2022 23:05,365 ppm,365,363 ppm,363,366 ppm,366,366 ppm,366,361 ppm,361,364,366
15/04/2022 23:10,365 ppm,365,363 ppm,363,366 ppm,366,359 ppm,359,361 ppm,361,363,366
15/04/2022 23:15,365 ppm,365,363 ppm,363,372 ppm,372,362 ppm,362,361 ppm,361,365,366
15/04/2022 23:20,365 ppm,365,361 ppm,361,365 ppm,365,366 ppm,366,359 ppm,359,363,366
15/04/2022 23:25,365 ppm,365,366 ppm,366,358 ppm,358,365 ppm,365,367 ppm,367,364,365
15/04/2022 23:30,365 ppm,365,365 ppm,365,373 ppm,373,359 ppm,359,360 ppm,360,364,365
15/04/2022 23:35,365 ppm,365,368 ppm,368,357 ppm,357,358 ppm,358,361 ppm,361,362,364
15/04/2022 23:40,365 ppm,365,358 ppm,358,360 ppm,360,363 ppm,363,356 ppm,356,360,364
15/04/2022 23:45,365 ppm,365,365 ppm,365,361 ppm,361,360 ppm,360,357 ppm,357,362,363
15/04/2022 23:50,365 ppm,365,365 ppm,365,361 ppm,361,363 ppm,363,360 ppm,360,363,363
15/04/2022 23:55,365 ppm,365,363 ppm,363,363 ppm,363,366 ppm,366,362 ppm,362,364,363
16/04/2022 00:00,365 ppm,365,362 ppm,362,362 ppm,362,367 ppm,367,361 ppm,361,363,363
16/04/2022 00:05,365 ppm,365,359 ppm,359,368 ppm,368,366 ppm,366,360 ppm,360,364,363
16/04/2022 00:10,365 ppm,365,358 ppm,358,363 ppm,363,364 ppm,364,362 ppm,362,362,363
16/04/2022 00:15,365 ppm,365,359 ppm,359,362 ppm,362,366 ppm,366,360 ppm,360,362,363
16/04/2022 00:20,365 ppm,365,366 ppm,366,366 ppm,366,365 ppm,365,363 ppm,363,365,363
16/04/2022 00:25,365 ppm,365,363 ppm,363,372 ppm,372,364 ppm,364,363 ppm,363,365,363
16/04/2022 00:30,365 ppm,365,362 ppm,362,366 ppm,366,365 ppm,365,365 ppm,365,365,363
16/04/2022 00:35,365 ppm,365,357 ppm,357,379 ppm,379,365 ppm,365,360 ppm,360,365,363
16/04/2022 00:40,365 ppm,365,359 ppm,359,363 ppm,363,368 ppm,368,363 ppm,363,364,363
16/04/2022 00:45,365 ppm,365,359 ppm,359,358 ppm,358,367 ppm,367,364 ppm,364,363,363
16/04/2022 00:50,365 ppm,365,366 ppm,366,360 ppm,360,366 ppm,366,361 ppm,361,364,363
16/04/2022 00:55,365 ppm,365,364 ppm,364,358 ppm,358,365 ppm,365,363 ppm,363,363,364
16/04/2022 01:00,365 ppm,365,362 ppm,362,371 ppm,371,368 ppm,368,357 ppm,357,365,364
16/04/2022 01:05,365 ppm,365,356 ppm,356,368 ppm,368,366 ppm,366,364 ppm,364,364,364
16/04/2022 01:10,365 ppm,365,359 ppm,359,365 ppm,365,364 ppm,364,366 ppm,366,364,364
16/04/2022 01:15,365 ppm,365,362 ppm,362,359 ppm,359,363 ppm,363,362 ppm,362,362,364
16/04/2022 01:20,365 ppm,365,361 ppm,361,359 ppm,359,364 ppm,364,363 ppm,363,362,364
16/04/2022 01:25,365 ppm,365,358 ppm,358,357 ppm,357,365 ppm,365,357 ppm,357,360,364
16/04/2022 01:30,365 ppm,365,363 ppm,363,367 ppm,367,364 ppm,364,366 ppm,366,365,364
16/04/2022 01:35,365 ppm,365,366 ppm,366,365 ppm,365,364 ppm,364,361 ppm,361,364,364
16/04/2022 01:40,365 ppm,365,363 ppm,363,357 ppm,357,364 ppm,364,360 ppm,360,362,363
16/04/2022 01:45,365 ppm,365,363 ppm,363,359 ppm,359,363 ppm,363,361 ppm,361,362,363
16/04/2022 01:50,365 ppm,365,361 ppm,361,357 ppm,357,364 ppm,364,359 ppm,359,361,363
16/04/2022 01:55,365 ppm,365,365 ppm,365,379 ppm,379,366 ppm,366,366 ppm,366,368,363
16/04/2022 02:00,365 ppm,365,363 ppm,363,363 ppm,363,364 ppm,364,362 ppm,362,363,363
16/04/2022 02:05,365 ppm,365,363 ppm,363,361 ppm,361,366 ppm,366,358 ppm,358,363,363
16/04/2022 02:10,365 ppm,365,359 ppm,359,362 ppm,362,362 ppm,362,359 ppm,359,361,363
16/04/2022 02:15,365 ppm,365,359 ppm,359,362 ppm,362,363 ppm,363,365 ppm,365,363,363
16/04/2022 02:20,365 ppm,365,361 ppm,361,361 ppm,361,363 ppm,363,357 ppm,357,361,363
16/04/2022 02:25,365 ppm,365,366 ppm,366,363 ppm,363,362 ppm,362,360 ppm,360,363,363
16/04/2022 02:30,365 ppm,365,356 ppm,356,365 ppm,365,362 ppm,362,361 ppm,361,362,363
16/04/2022 02:35,365 ppm,365,366 ppm,366,365 ppm,365,360 ppm,360,366 ppm,366,364,363
16/04/2022 02:40,365 ppm,365,360 ppm,360,361 ppm,361,362 ppm,362,358 ppm,358,361,363
16/04/2022 02:45,365 ppm,365,364 ppm,364,367 ppm,367,360 ppm,360,358 ppm,358,363,363
16/04/2022 02:50,365 ppm,365,363 ppm,363,365 ppm,365,358 ppm,358,367 ppm,367,364,363
16/04/2022 02:55,365 ppm,365,367 ppm,367,370 ppm,370,360 ppm,360,360 ppm,360,364,363
16/04/2022 03:00,365 ppm,365,366 ppm,366,360 ppm,360,359 ppm,359,363 ppm,363,363,363
16/04/2022 03:05,365 ppm,365,363 ppm,363,361 ppm,361,360 ppm,360,362 ppm,362,362,363
16/04/2022 03:10,365 ppm,365,367 ppm,367,363 ppm,363,362 ppm,362,367 ppm,367,365,363
16/04/2022 03:15,365 ppm,365,365 ppm,365,356 ppm,356,359 ppm,359,361 ppm,361,361,363
16/04/2022 03:20,365 ppm,365,359 ppm,359,357 ppm,357,361 ppm,361,362 ppm,362,361,363
16/04/2022 03:25,365 ppm,365,361 ppm,361,361 ppm,361,360 ppm,360,367 ppm,367,363,363
16/04/2022 03:30,365 ppm,365,364 ppm,364,363 ppm,363,360 ppm,360,359 ppm,359,362,363
16/04/2022 03:35,365 ppm,365,365 ppm,365,365 ppm,365,361 ppm,361,360 ppm,360,363,363
16/04/2022 03:40,365 ppm,365,360 ppm,360,364 ppm,364,358 ppm,358,363 ppm,363,362,363
16/04/2022 03:45,365 ppm,365,358 ppm,358,360 ppm,360,358 ppm,358,364 ppm,364,361,363
16/04/2022 03:50,365 ppm,365,360 ppm,360,381 ppm,381,358 ppm,358,359 ppm,359,365,363
16/04/2022 03:55,365 ppm,365,363 ppm,363,361 ppm,361,360 ppm,360,366 ppm,366,363,363
16/04/2022 04:00,365 ppm,365,363 ppm,363,359 ppm,359,361 ppm,361,367 ppm,367,363,363
16/04/2022 04:05,365 ppm,365,367 ppm,367,360 ppm,360,358 ppm,358,362 ppm,362,362,363
16/04/2022 04:10,365 ppm,365,358 ppm,358,361 ppm,361,356 ppm,356,364 ppm,364,361,362
16/04/2022 04:15,365 ppm,365,365 ppm,365,361 ppm,361,357 ppm,357,366 ppm,366,363,362
16/04/2022 04:20,365 ppm,365,361 ppm,361,366 ppm,366,359 ppm,359,368 ppm,368,364,363
16/04/2022 04:25,365 ppm,365,367 ppm,367,366 ppm,366,364 ppm,364,365 ppm,365,365,363
16/04/2022 04:30,365 ppm,365,364 ppm,364,362 ppm,362,359 ppm,359,364 ppm,364,363,363
16/04/2022 04:35,365 ppm,365,361 ppm,361,356 ppm,356,368 ppm,368,361 ppm,361,362,363
16/04/2022 04:40,365 ppm,365,363 ppm,363,390 ppm,390,365 ppm,365,363 ppm,363,369,363
16/04/2022 04:45,365 ppm,365,364 ppm,364,361 ppm,361,369 ppm,369,359 ppm,359,364,363
16/04/2022 04:50,365 ppm,365,357 ppm,357,359 ppm,359,368 ppm,368,360 ppm,360,362,363
16/04/2022 04:55,365 ppm,365,362 ppm,362,360 ppm,360,366 ppm,366,360 ppm,360,363,363
16/04/2022 05:00,365 ppm,365,357 ppm,357,363 ppm,363,366 ppm,366,360 ppm,360,362,363
16/04/2022 05:05,365 ppm,365,366 ppm,366,365 ppm,365,365 ppm,365,359 ppm,359,364,363
16/04/2022 05:10,365 ppm,365,361 ppm,361,364 ppm,364,366 ppm,366,359 ppm,359,363,363
16/04/2022 05:15,365 ppm,365,366 ppm,366,364 ppm,364,364 ppm,364,360 ppm,360,364,363
16/04/2022 05:20,365 ppm,365,361 ppm,361,363 ppm,363,364 ppm,364,363 ppm,363,363,363
16/04/2022 05:25,365 ppm,365,365 ppm,365,365 ppm,365,363 ppm,363,364 ppm,364,364,364
16/04/2022 05:30,365 ppm,365,363 ppm,363,366 ppm,366,366 ppm,366,365 ppm,365,365,364
16/04/2022 05:35,365 ppm,365,363 ppm,363,367 ppm,367,363 ppm,363,359 ppm,359,363,364
16/04/2022 05:40,365 ppm,365,361 ppm,361,367 ppm,367,365 ppm,365,358 ppm,358,363,364
16/04/2022 05:45,365 ppm,365,360 ppm,360,357 ppm,357,361 ppm,361,359 ppm,359,360,363
16/04/2022 05:50,365 ppm,365,360 ppm,360,368 ppm,368,364 ppm,364,360 ppm,360,363,364
16/04/2022 05:55,365 ppm,365,361 ppm,361,363 ppm,363,364 ppm,364,365 ppm,365,364,363
16/04/2022 06:00,365 ppm,365,360 ppm,360,362 ppm,362,366 ppm,366,362 ppm,362,363,363
16/04/2022 06:05,365 ppm,365,360 ppm,360,382 ppm,382,362 ppm,362,366 ppm,366,367,363
16/04/2022 06:10,365 ppm,365,368 ppm,368,364 ppm,364,357 ppm,357,361 ppm,361,363,364
16/04/2022 06:15,365 ppm,365,364 ppm,364,363 ppm,363,363 ppm,363,364 ppm,364,364,364
16/04/2022 06:20,365 ppm,365,364 ppm,364,370 ppm,370,363 ppm,363,359 ppm,359,364,364
16/04/2022 06:25,365 ppm,365,360 ppm,360,364 ppm,364,359 ppm,359,366 ppm,366,363,364
16/04/2022 06:30,365 ppm,365,357 ppm,357,364 ppm,364,364 ppm,364,357 ppm,357,361,363
16/04/2022 06:35,365 ppm,365,360 ppm,360,364 ppm,364,366 ppm,366,366 ppm,366,364,364
16/04/2022 06:40,365 ppm,365,361 ppm,361,364 ppm,364,366 ppm,366,357 ppm,357,363,363
16/04/2022 06:45,365 ppm,365,366 ppm,366,356 ppm,356,363 ppm,363,364 ppm,364,363,363
16/04/2022 06:50,365 ppm,365,367 ppm,367,360 ppm,360,358 ppm,358,359 ppm,359,362,363
16/04/2022 06:55,365 ppm,365,362 ppm,362,363 ppm,363,366 ppm,366,358 ppm,358,363,363
16/04/2022 07:00,365 ppm,365,358 ppm,358,363 ppm,363,367 ppm,367,365 ppm,365,364,363
16/04/2022 07:05,365 ppm,365,363 ppm,363,361 ppm,361,361 ppm,361,365 ppm,365,363,363
16/04/2022 07:10,365 ppm,365,360 ppm,360,388 ppm,388,367 ppm,367,364 ppm,364,369,364
16/04/2022 07:15,365 ppm,365,360 ppm,360,364 ppm,364,364 ppm,364,370 ppm,370,365,364
16/04/2022 07:20,365 ppm,365,358 ppm,358,400 ppm,400,362 ppm,362,363 ppm,363,370,364
16/04/2022 07:25,365 ppm,365,367 ppm,367,409 ppm,409,364 ppm,364,364 ppm,364,374,365
16/04/2022 07:30,365 ppm,365,367 ppm,367,366 ppm,366,361 ppm,361,366 ppm,366,365,365
16/04/2022 07:35,365 ppm,365,356 ppm,356,364 ppm,364,363 ppm,363,364 ppm,364,362,365
16/04/2022 07:40,365 ppm,365,362 ppm,362,366 ppm,366,363 ppm,363,359 ppm,359,363,365
16/04/2022 07:45,365 ppm,365,364 ppm,364,377 ppm,377,360 ppm,360,366 ppm,366,366,365
16/04/2022 07:50,365 ppm,365,361 ppm,361,391 ppm,391,361 ppm,361,368 ppm,368,369,365
16/04/2022 07:55,365 ppm,365,368 ppm,368,366 ppm,366,357 ppm,357,360 ppm,360,363,365
16/04/2022 08:00,365 ppm,365,360 ppm,360,365 ppm,365,358 ppm,358,357 ppm,357,361,365
16/04/2022 08:05,365 ppm,365,363 ppm,363,379 ppm,379,360 ppm,360,359 ppm,359,365,365
16/04/2022 08:10,365 ppm,365,360 ppm,360,361 ppm,361,361 ppm,361,358 ppm,358,361,365
16/04/2022 08:15,365 ppm,365,360 ppm,360,363 ppm,363,360 ppm,360,360 ppm,360,362,365
16/04/2022 08:20,365 ppm,365,358 ppm,358,364 ppm,364,358 ppm,358,360 ppm,360,361,365
16/04/2022 08:25,365 ppm,365,359 ppm,359,368 ppm,368,356 ppm,356,358 ppm,358,361,365
16/04/2022 08:30,365 ppm,365,366 ppm,366,366 ppm,366,359 ppm,359,360 ppm,360,363,364
16/04/2022 08:35,365 ppm,365,356 ppm,356,363 ppm,363,359 ppm,359,358 ppm,358,360,364
16/04/2022 08:40,365 ppm,365,363 ppm,363,380 ppm,380,357 ppm,357,359 ppm,359,365,363
16/04/2022 08:45,365 ppm,365,365 ppm,365,362 ppm,362,359 ppm,359,362 ppm,362,363,363
16/04/2022 08:50,365 ppm,365,362 ppm,362,366 ppm,366,359 ppm,359,362 ppm,362,363,363
16/04/2022 08:55,365 ppm,365,360 ppm,360,358 ppm,358,361 ppm,361,359 ppm,359,361,363
16/04/2022 09:00,365 ppm,365,356 ppm,356,369 ppm,369,361 ppm,361,364 ppm,364,363,363
16/04/2022 09:05,365 ppm,365,357 ppm,357,361 ppm,361,358 ppm,358,360 ppm,360,360,362
16/04/2022 09:10,365 ppm,365,370 ppm,370,374 ppm,374,357 ppm,357,362 ppm,362,366,362
16/04/2022 09:15,365 ppm,365,367 ppm,367,360 ppm,360,359 ppm,359,364 ppm,364,363,362
16/04/2022 09:20,365 ppm,365,360 ppm,360,381 ppm,381,367 ppm,367,363 ppm,363,367,363
16/04/2022 09:25,365 ppm,365,364 ppm,364,367 ppm,367,366 ppm,366,365 ppm,365,365,363
16/04/2022 09:30,365 ppm,365,368 ppm,368,362 ppm,362,367 ppm,367,364 ppm,364,365,363
16/04/2022 09:35,365 ppm,365,362 ppm,362,371 ppm,371,359 ppm,359,364 ppm,364,364,363
16/04/2022 09:40,365 ppm,365,360 ppm,360,382 ppm,382,365 ppm,365,365 ppm,365,367,364
16/04/2022 09:45,365 ppm,365,357 ppm,357,370 ppm,370,366 ppm,366,366 ppm,366,365,364
16/04/2022 09:50,365 ppm,365,358 ppm,358,370 ppm,370,368 ppm,368,365 ppm,365,365,364
16/04/2022 09:55,365 ppm,365,360 ppm,360,366 ppm,366,361 ppm,361,364 ppm,364,363,364
16/04/2022 10:00,365 ppm,365,360 ppm,360,363 ppm,363,361 ppm,361,363 ppm,363,362,364
16/04/2022 10:05,365 ppm,365,367 ppm,367,368 ppm,368,359 ppm,359,364 ppm,364,365,364
16/04/2022 10:10,365 ppm,365,365 ppm,365,380 ppm,380,359 ppm,359,364 ppm,364,367,365
16/04/2022 10:15,365 ppm,365,359 ppm,359,370 ppm,370,362 ppm,362,367 ppm,367,365,365
16/04/2022 10:20,365 ppm,365,360 ppm,360,363 ppm,363,361 ppm,361,359 ppm,359,362,365
16/04/2022 10:25,365 ppm,365,365 ppm,365,358 ppm,358,359 ppm,359,367 ppm,367,363,365
16/04/2022 10:30,365 ppm,365,361 ppm,361,367 ppm,367,362 ppm,362,358 ppm,358,363,365
16/04/2022 10:35,365 ppm,365,359 ppm,359,368 ppm,368,361 ppm,361,358 ppm,358,362,364
16/04/2022 10:40,365 ppm,365,361 ppm,361,363 ppm,363,364 ppm,364,361 ppm,361,363,364
16/04/2022 10:45,365 ppm,365,361 ppm,361,364 ppm,364,363 ppm,363,362 ppm,362,363,364
16/04/2022 10:50,365 ppm,365,360 ppm,360,371 ppm,371,362 ppm,362,357 ppm,357,363,364
16/04/2022 10:55,365 ppm,365,364 ppm,364,369 ppm,369,365 ppm,365,360 ppm,360,365,364
16/04/2022 11:00,365 ppm,365,365 ppm,365,359 ppm,359,361 ppm,361,358 ppm,358,362,363
16/04/2022 11:05,365 ppm,365,362 ppm,362,362 ppm,362,365 ppm,365,360 ppm,360,363,363
16/04/2022 11:10,365 ppm,365,357 ppm,357,373 ppm,373,363 ppm,363,359 ppm,359,363,363
16/04/2022 11:15,365 ppm,365,359 ppm,359,366 ppm,366,363 ppm,363,360 ppm,360,363,363
16/04/2022 11:20,365 ppm,365,363 ppm,363,362 ppm,362,366 ppm,366,364 ppm,364,364,363
16/04/2022 11:25,365 ppm,365,361 ppm,361,367 ppm,367,365 ppm,365,361 ppm,361,364,363
16/04/2022 11:30,365 ppm,365,358 ppm,358,357 ppm,357,364 ppm,364,365 ppm,365,362,363
16/04/2022 11:35,365 ppm,365,362 ppm,362,370 ppm,370,363 ppm,363,359 ppm,359,364,363
16/04/2022 11:40,365 ppm,365,364 ppm,364,387 ppm,387,365 ppm,365,362 ppm,362,369,363
16/04/2022 11:45,365 ppm,365,357 ppm,357,376 ppm,376,363 ppm,363,359 ppm,359,364,363
16/04/2022 11:50,365 ppm,365,363 ppm,363,364 ppm,364,364 ppm,364,364 ppm,364,364,364
16/04/2022 11:55,365 ppm,365,356 ppm,356,366 ppm,366,364 ppm,364,358 ppm,358,362,364
16/04/2022 12:00,365 ppm,365,363 ppm,363,364 ppm,364,362 ppm,362,362 ppm,362,363,364
16/04/2022 12:05,365 ppm,365,368 ppm,368,361 ppm,361,365 ppm,365,360 ppm,360,364,364
16/04/2022 12:10,365 ppm,365,358 ppm,358,367 ppm,367,362 ppm,362,364 ppm,364,363,363
16/04/2022 12:15,365 ppm,365,362 ppm,362,356 ppm,356,364 ppm,364,363 ppm,363,362,364
16/04/2022 12:20,365 ppm,365,361 ppm,361,372 ppm,372,364 ppm,364,361 ppm,361,365,364
16/04/2022 12:25,365 ppm,365,362 ppm,362,371 ppm,371,361 ppm,361,362 ppm,362,364,364
16/04/2022 12:30,365 ppm,365,359 ppm,359,365 ppm,365,356 ppm,356,359 ppm,359,361,364
16/04/2022 12:35,365 ppm,365,368 ppm,368,376 ppm,376,366 ppm,366,359 ppm,359,367,364
16/04/2022 12:40,365 ppm,365,361 ppm,361,363 ppm,363,362 ppm,362,362 ppm,362,363,364
16/04/2022 12:45,365 ppm,365,358 ppm,358,422 ppm,422,362 ppm,362,365 ppm,365,374,365
16/04/2022 12:50,365 ppm,365,363 ppm,363,362 ppm,362,360 ppm,360,364 ppm,364,363,364
16/04/2022 12:55,365 ppm,365,363 ppm,363,362 ppm,362,362 ppm,362,363 ppm,363,363,364
16/04/2022 13:00,365 ppm,365,366 ppm,366,368 ppm,368,362 ppm,362,363 ppm,363,365,364
16/04/2022 13:05,365 ppm,365,365 ppm,365,367 ppm,367,358 ppm,358,366 ppm,366,364,364
16/04/2022 13:10,365 ppm,365,365 ppm,365,421 ppm,421,359 ppm,359,358 ppm,358,374,365
16/04/2022 13:15,365 ppm,365,358 ppm,358,357 ppm,357,367 ppm,367,362 ppm,362,362,365
16/04/2022 13:20,365 ppm,365,367 ppm,367,360 ppm,360,359 ppm,359,364 ppm,364,363,365
16/04/2022 13:25,365 ppm,365,367 ppm,367,401 ppm,401,359 ppm,359,357 ppm,357,370,365
16/04/2022 13:30,365 ppm,365,360 ppm,360,357 ppm,357,366 ppm,366,365 ppm,365,363,365
16/04/2022 13:35,365 ppm,365,363 ppm,363,378 ppm,378,362 ppm,362,364 ppm,364,366,365
16/04/2022 13:40,365 ppm,365,365 ppm,365,356 ppm,356,358 ppm,358,362 ppm,362,361,365
16/04/2022 13:45,365 ppm,365,356 ppm,356,365 ppm,365,359 ppm,359,364 ppm,364,362,365
16/04/2022 13:50,365 ppm,365,367 ppm,367,393 ppm,393,358 ppm,358,362 ppm,362,369,365
16/04/2022 13:55,365 ppm,365,364 ppm,364,366 ppm,366,358 ppm,358,359 ppm,359,362,365
16/04/2022 14:00,365 ppm,365,364 ppm,364,363 ppm,363,364 ppm,364,366 ppm,366,364,365
16/04/2022 14:05,365 ppm,365,367 ppm,367,366 ppm,366,359 ppm,359,358 ppm,358,363,365
16/04/2022 14:10,365 ppm,365,363 ppm,363,382 ppm,382,363 ppm,363,363 ppm,363,367,365
16/04/2022 14:15,365 ppm,365,364 ppm,364,367 ppm,367,364 ppm,364,366 ppm,366,365,365
16/04/2022 14:20,365 ppm,365,363 ppm,363,357 ppm,357,363 ppm,363,362 ppm,362,362,365
16/04/2022 14:25,365 ppm,365,360 ppm,360,364 ppm,364,361 ppm,361,365 ppm,365,363,364
16/04/2022 14:30,365 ppm,365,361 ppm,361,372 ppm,372,364 ppm,364,363 ppm,363,365,364
16/04/2022 14:35,365 ppm,365,358 ppm,358,368 ppm,368,361 ppm,361,361 ppm,361,363,364
16/04/2022 14:40,365 ppm,365,360 ppm,360,359 ppm,359,364 ppm,364,361 ppm,361,362,364
16/04/2022 14:45,365 ppm,365,357 ppm,357,359 ppm,359,364 ppm,364,362 ppm,362,361,364
16/04/2022 14:50,365 ppm,365,396 ppm,396,421 ppm,421,364 ppm,364,367 ppm,367,383,365
16/04/2022 14:55,365 ppm,365,366 ppm,366,363 ppm,363,358 ppm,358,357 ppm,357,362,365
16/04/2022 15:00,365 ppm,365,389 ppm,389,358 ppm,358,360 ppm,360,359 ppm,359,366,365
16/04/2022 15:05,365 ppm,365,374 ppm,374,363 ppm,363,359 ppm,359,365 ppm,365,365,365
16/04/2022 15:10,365 ppm,365,357 ppm,357,365 ppm,365,358 ppm,358,364 ppm,364,362,365
16/04/2022 15:15,365 ppm,365,363 ppm,363,372 ppm,372,361 ppm,361,366 ppm,366,365,365
16/04/2022 15:20,365 ppm,365,366 ppm,366,366 ppm,366,360 ppm,360,363 ppm,363,364,365
16/04/2022 15:25,365 ppm,365,365 ppm,365,358 ppm,358,364 ppm,364,365 ppm,365,363,365
16/04/2022 15:30,365 ppm,365,364 ppm,364,358 ppm,358,362 ppm,362,368 ppm,368,363,365
16/04/2022 15:35,365 ppm,365,361 ppm,361,365 ppm,365,359 ppm,359,368 ppm,368,364,365
16/04/2022 15:40,365 ppm,365,359 ppm,359,361 ppm,361,359 ppm,359,364 ppm,364,362,365
16/04/2022 15:45,365 ppm,365,365 ppm,365,361 ppm,361,361 ppm,361,357 ppm,357,362,364
16/04/2022 15:50,365 ppm,365,356 ppm,356,368 ppm,368,357 ppm,357,365 ppm,365,362,364
16/04/2022 15:55,365 ppm,365,359 ppm,359,388 ppm,388,366 ppm,366,366 ppm,366,369,365
16/04/2022 16:00,365 ppm,365,362 ppm,362,359 ppm,359,358 ppm,358,361 ppm,361,361,365
16/04/2022 16:05,365 ppm,365,360 ppm,360,361 ppm,361,359 ppm,359,366 ppm,366,362,363
16/04/2022 16:10,365 ppm,365,357 ppm,357,366 ppm,366,362 ppm,362,364 ppm,364,363,364
16/04/2022 16:15,365 ppm,365,362 ppm,362,367 ppm,367,363 ppm,363,367 ppm,367,365,363
16/04/2022 16:20,365 ppm,365,364 ppm,364,372 ppm,372,366 ppm,366,361 ppm,361,366,363
16/04/2022 16:25,365 ppm,365,359 ppm,359,365 ppm,365,365 ppm,365,363 ppm,363,363,364
16/04/2022 16:30,365 ppm,365,368 ppm,368,362 ppm,362,365 ppm,365,362 ppm,362,364,364
16/04/2022 16:35,365 ppm,365,362 ppm,362,378 ppm,378,360 ppm,360,361 ppm,361,365,364
16/04/2022 16:40,365 ppm,365,363 ppm,363,364 ppm,364,360 ppm,360,361 ppm,361,363,364
16/04/2022 16:45,365 ppm,365,364 ppm,364,359 ppm,359,359 ppm,359,361 ppm,361,362,363
16/04/2022 16:50,365 ppm,365,491 ppm,491,363 ppm,363,359 ppm,359,366 ppm,366,389,365
16/04/2022 16:55,365 ppm,365,362 ppm,362,365 ppm,365,361 ppm,361,366 ppm,366,364,365
16/04/2022 17:00,365 ppm,365,364 ppm,364,360 ppm,360,360 ppm,360,363 ppm,363,362,365
16/04/2022 17:05,365 ppm,365,360 ppm,360,358 ppm,358,364 ppm,364,359 ppm,359,361,365
16/04/2022 17:10,365 ppm,365,357 ppm,357,362 ppm,362,361 ppm,361,359 ppm,359,361,365
16/04/2022 17:15,365 ppm,365,359 ppm,359,363 ppm,363,356 ppm,356,360 ppm,360,361,365
16/04/2022 17:20,365 ppm,365,359 ppm,359,364 ppm,364,357 ppm,357,359 ppm,359,361,365
16/04/2022 17:25,365 ppm,365,359 ppm,359,360 ppm,360,361 ppm,361,359 ppm,359,361,364
16/04/2022 17:30,365 ppm,365,364 ppm,364,356 ppm,356,363 ppm,363,363 ppm,363,362,364
16/04/2022 17:35,365 ppm,365,366 ppm,366,368 ppm,368,366 ppm,366,367 ppm,367,366,364
16/04/2022 17:40,365 ppm,365,363 ppm,363,367 ppm,367,361 ppm,361,364 ppm,364,364,364
16/04/2022 17:45,365 ppm,365,366 ppm,366,360 ppm,360,363 ppm,363,359 ppm,359,363,364
16/04/2022 17:50,365 ppm,365,360 ppm,360,362 ppm,362,364 ppm,364,362 ppm,362,363,364
16/04/2022 17:55,365 ppm,365,357 ppm,357,362 ppm,362,361 ppm,361,367 ppm,367,362,364
16/04/2022 18:00,365 ppm,365,361 ppm,361,366 ppm,366,366 ppm,366,360 ppm,360,364,364
16/04/2022 18:05,365 ppm,365,375 ppm,375,367 ppm,367,361 ppm,361,362 ppm,362,366,363
16/04/2022 18:10,365 ppm,365,361 ppm,361,364 ppm,364,363 ppm,363,361 ppm,361,363,363
16/04/2022 18:15,365 ppm,365,361 ppm,361,363 ppm,363,366 ppm,366,360 ppm,360,363,363
16/04/2022 18:20,365 ppm,365,359 ppm,359,358 ppm,358,366 ppm,366,363 ppm,363,362,363
16/04/2022 18:25,365 ppm,365,448 ppm,448,369 ppm,369,361 ppm,361,359 ppm,359,380,364
16/04/2022 18:30,365 ppm,365,364 ppm,364,366 ppm,366,359 ppm,359,368 ppm,368,364,364
16/04/2022 18:35,365 ppm,365,360 ppm,360,363 ppm,363,359 ppm,359,359 ppm,359,361,364
16/04/2022 18:40,365 ppm,365,363 ppm,363,365 ppm,365,366 ppm,366,357 ppm,357,363,364
16/04/2022 18:45,365 ppm,365,358 ppm,358,360 ppm,360,367 ppm,367,365 ppm,365,363,365
16/04/2022 18:50,365 ppm,365,384 ppm,384,380 ppm,380,364 ppm,364,365 ppm,365,372,365
16/04/2022 18:55,365 ppm,365,362 ppm,362,371 ppm,371,366 ppm,366,360 ppm,360,365,365
16/04/2022 19:00,365 ppm,365,453 ppm,453,361 ppm,361,368 ppm,368,366 ppm,366,383,366
16/04/2022 19:05,365 ppm,365,365 ppm,365,367 ppm,367,361 ppm,361,361 ppm,361,364,366
16/04/2022 19:10,365 ppm,365,365 ppm,365,365 ppm,365,362 ppm,362,362 ppm,362,364,366
16/04/2022 19:15,365 ppm,365,364 ppm,364,374 ppm,374,362 ppm,362,359 ppm,359,365,367
16/04/2022 19:20,365 ppm,365,364 ppm,364,378 ppm,378,365 ppm,365,366 ppm,366,368,367
16/04/2022 19:25,365 ppm,365,364 ppm,364,363 ppm,363,363 ppm,363,366 ppm,366,364,367
16/04/2022 19:30,365 ppm,365,360 ppm,360,357 ppm,357,364 ppm,364,361 ppm,361,361,367
16/04/2022 19:35,365 ppm,365,368 ppm,368,393 ppm,393,361 ppm,361,367 ppm,367,371,367
16/04/2022 19:40,365 ppm,365,364 ppm,364,359 ppm,359,363 ppm,363,363 ppm,363,363,366
16/04/2022 19:45,365 ppm,365,365 ppm,365,363 ppm,363,364 ppm,364,366 ppm,366,365,366
16/04/2022 19:50,365 ppm,365,365 ppm,365,364 ppm,364,364 ppm,364,361 ppm,361,364,366
16/04/2022 19:55,365 ppm,365,359 ppm,359,393 ppm,393,361 ppm,361,367 ppm,367,369,367
16/04/2022 20:00,365 ppm,365,361 ppm,361,361 ppm,361,365 ppm,365,362 ppm,362,363,367
16/04/2022 20:05,365 ppm,365,361 ppm,361,360 ppm,360,362 ppm,362,368 ppm,368,363,366
16/04/2022 20:10,365 ppm,365,361 ppm,361,363 ppm,363,365 ppm,365,365 ppm,365,364,366
16/04/2022 20:15,365 ppm,365,365 ppm,365,362 ppm,362,361 ppm,361,365 ppm,365,364,365
16/04/2022 20:20,365 ppm,365,364 ppm,364,395 ppm,395,363 ppm,363,364 ppm,364,370,365
16/04/2022 20:25,365 ppm,365,362 ppm,362,367 ppm,367,361 ppm,361,365 ppm,365,364,365
16/04/2022 20:30,365 ppm,365,361 ppm,361,374 ppm,374,365 ppm,365,359 ppm,359,365,365
16/04/2022 20:35,365 ppm,365,363 ppm,363,371 ppm,371,364 ppm,364,362 ppm,362,365,365
16/04/2022 20:40,365 ppm,365,363 ppm,363,376 ppm,376,366 ppm,366,366 ppm,366,367,365
16/04/2022 20:45,365 ppm,365,363 ppm,363,382 ppm,382,364 ppm,364,362 ppm,362,367,366
16/04/2022 20:50,365 ppm,365,367 ppm,367,361 ppm,361,366 ppm,366,367 ppm,367,365,365
16/04/2022 20:55,365 ppm,365,361 ppm,361,368 ppm,368,365 ppm,365,367 ppm,367,365,365
16/04/2022 21:00,365 ppm,365,364 ppm,364,385 ppm,385,367 ppm,367,365 ppm,365,369,366
16/04/2022 21:05,365 ppm,365,366 ppm,366,362 ppm,362,364 ppm,364,365 ppm,365,364,366
16/04/2022 21:10,365 ppm,365,365 ppm,365,376 ppm,376,364 ppm,364,362 ppm,362,366,365
16/04/2022 21:15,365 ppm,365,359 ppm,359,362 ppm,362,361 ppm,361,360 ppm,360,361,365
16/04/2022 21:20,365 ppm,365,358 ppm,358,358 ppm,358,364 ppm,364,359 ppm,359,361,365
16/04/2022 21:25,365 ppm,365,364 ppm,364,381 ppm,381,361 ppm,361,367 ppm,367,368,365
16/04/2022 21:30,365 ppm,365,356 ppm,356,373 ppm,373,357 ppm,357,361 ppm,361,362,365
16/04/2022 21:35,365 ppm,365,359 ppm,359,396 ppm,396,364 ppm,364,364 ppm,364,370,365
16/04/2022 21:40,365 ppm,365,361 ppm,361,385 ppm,385,366 ppm,366,361 ppm,361,368,366
16/04/2022 21:45,365 ppm,365,363 ppm,363,393 ppm,393,365 ppm,365,358 ppm,358,369,366
16/04/2022 21:50,365 ppm,365,360 ppm,360,366 ppm,366,366 ppm,366,363 ppm,363,364,366
16/04/2022 21:55,365 ppm,365,371 ppm,371,378 ppm,378,361 ppm,361,359 ppm,359,367,366
16/04/2022 22:00,365 ppm,365,364 ppm,364,365 ppm,365,358 ppm,358,362 ppm,362,363,365
16/04/2022 22:05,365 ppm,365,359 ppm,359,377 ppm,377,360 ppm,360,365 ppm,365,365,365
16/04/2022 22:10,365 ppm,365,359 ppm,359,367 ppm,367,361 ppm,361,455 ppm,455,381,367
16/04/2022 22:15,365 ppm,365,366 ppm,366,397 ppm,397,362 ppm,362,456 ppm,456,389,368
16/04/2022 22:20,365 ppm,365,364 ppm,364,370 ppm,370,359 ppm,359,432 ppm,432,378,369
16/04/2022 22:25,365 ppm,365,365 ppm,365,359 ppm,359,358 ppm,358,379 ppm,379,365,369
16/04/2022 22:30,365 ppm,365,363 ppm,363,393 ppm,393,360 ppm,360,361 ppm,361,368,369
16/04/2022 22:35,365 ppm,365,363 ppm,363,365 ppm,365,360 ppm,360,362 ppm,362,363,369
16/04/2022 22:40,365 ppm,365,366 ppm,366,357 ppm,357,364 ppm,364,366 ppm,366,364,369
16/04/2022 22:45,365 ppm,365,367 ppm,367,362 ppm,362,361 ppm,361,360 ppm,360,363,369
16/04/2022 22:50,365 ppm,365,363 ppm,363,370 ppm,370,366 ppm,366,364 ppm,364,366,369
16/04/2022 22:55,365 ppm,365,365 ppm,365,394 ppm,394,358 ppm,358,366 ppm,366,370,369
16/04/2022 23:00,365 ppm,365,364 ppm,364,362 ppm,362,363 ppm,363,359 ppm,359,363,369
16/04/2022 23:05,365 ppm,365,358 ppm,358,364 ppm,364,357 ppm,357,363 ppm,363,361,368
16/04/2022 23:10,365 ppm,365,362 ppm,362,357 ppm,357,363 ppm,363,365 ppm,365,362,368
16/04/2022 23:15,365 ppm,365,358 ppm,358,364 ppm,364,363 ppm,363,372 ppm,372,364,368
16/04/2022 23:20,365 ppm,365,366 ppm,366,364 ppm,364,360 ppm,360,365 ppm,365,364,368
16/04/2022 23:25,365 ppm,365,364 ppm,364,366 ppm,366,358 ppm,358,356 ppm,356,362,367
16/04/2022 23:30,365 ppm,365,364 ppm,364,365 ppm,365,361 ppm,361,356 ppm,356,362,365
16/04/2022 23:35,365 ppm,365,367 ppm,367,364 ppm,364,360 ppm,360,362 ppm,362,364,364
16/04/2022 23:40,365 ppm,365,366 ppm,366,359 ppm,359,365 ppm,365,367 ppm,367,364,364
16/04/2022 23:45,365 ppm,365,364 ppm,364,381 ppm,381,367 ppm,367,362 ppm,362,368,364
16/04/2022 23:50,365 ppm,365,364 ppm,364,364 ppm,364,360 ppm,360,365 ppm,365,364,364
16/04/2022 23:55,365 ppm,365,359 ppm,359,361 ppm,361,360 ppm,360,367 ppm,367,362,364
17/04/2022 00:00,365 ppm,365,360 ppm,360,361 ppm,361,360 ppm,360,362 ppm,362,362,364
17/04/2022 00:05,365 ppm,365,361 ppm,361,363 ppm,363,364 ppm,364,358 ppm,358,362,364
17/04/2022 00:10,365 ppm,365,365 ppm,365,367 ppm,367,368 ppm,368,367 ppm,367,366,363
17/04/2022 00:15,365 ppm,365,359 ppm,359,357 ppm,357,368 ppm,368,365 ppm,365,363,363
17/04/2022 00:20,365 ppm,365,360 ppm,360,359 ppm,359,362 ppm,362,362 ppm,362,362,363
17/04/2022 00:25,365 ppm,365,359 ppm,359,367 ppm,367,364 ppm,364,367 ppm,367,364,364
17/04/2022 00:30,365 ppm,365,363 ppm,363,360 ppm,360,368 ppm,368,359 ppm,359,363,363
17/04/2022 00:35,365 ppm,365,357 ppm,357,363 ppm,363,360 ppm,360,364 ppm,364,362,363
17/04/2022 00:40,365 ppm,365,358 ppm,358,359 ppm,359,358 ppm,358,359 ppm,359,360,363
17/04/2022 00:45,365 ppm,365,364 ppm,364,363 ppm,363,359 ppm,359,364 ppm,364,363,363
17/04/2022 00:50,365 ppm,365,358 ppm,358,379 ppm,379,360 ppm,360,368 ppm,368,366,363
17/04/2022 00:55,365 ppm,365,361 ppm,361,363 ppm,363,357 ppm,357,367 ppm,367,363,363
17/04/2022 01:00,365 ppm,365,365 ppm,365,366 ppm,366,361 ppm,361,366 ppm,366,365,363
17/04/2022 01:05,365 ppm,365,358 ppm,358,366 ppm,366,359 ppm,359,364 ppm,364,362,363
17/04/2022 01:10,365 ppm,365,365 ppm,365,361 ppm,361,358 ppm,358,365 ppm,365,363,363
17/04/2022 01:15,365 ppm,365,361 ppm,361,371 ppm,371,358 ppm,358,356 ppm,356,362,363
17/04/2022 01:20,365 ppm,365,362 ppm,362,360 ppm,360,359 ppm,359,365 ppm,365,362,363
17/04/2022 01:25,365 ppm,365,362 ppm,362,362 ppm,362,362 ppm,362,368 ppm,368,364,363
17/04/2022 01:30,365 ppm,365,364 ppm,364,366 ppm,366,360 ppm,360,363 ppm,363,364,363
17/04/2022 01:35,365 ppm,365,362 ppm,362,360 ppm,360,360 ppm,360,359 ppm,359,361,363
17/04/2022 01:40,365 ppm,365,359 ppm,359,362 ppm,362,361 ppm,361,368 ppm,368,363,363
17/04/2022 01:45,365 ppm,365,365 ppm,365,366 ppm,366,359 ppm,359,360 ppm,360,363,363
17/04/2022 01:50,365 ppm,365,364 ppm,364,365 ppm,365,361 ppm,361,365 ppm,365,364,363
17/04/2022 01:55,365 ppm,365,364 ppm,364,368 ppm,368,359 ppm,359,367 ppm,367,365,363
17/04/2022 02:00,365 ppm,365,361 ppm,361,362 ppm,362,363 ppm,363,368 ppm,368,364,363
17/04/2022 02:05,365 ppm,365,366 ppm,366,366 ppm,366,361 ppm,361,367 ppm,367,365,363
17/04/2022 02:10,365 ppm,365,364 ppm,364,366 ppm,366,362 ppm,362,362 ppm,362,364,363
17/04/2022 02:15,365 ppm,365,366 ppm,366,363 ppm,363,362 ppm,362,364 ppm,364,364,363
17/04/2022 02:20,365 ppm,365,358 ppm,358,365 ppm,365,359 ppm,359,363 ppm,363,362,363
17/04/2022 02:25,365 ppm,365,362 ppm,362,359 ppm,359,360 ppm,360,363 ppm,363,362,363
17/04/2022 02:30,365 ppm,365,365 ppm,365,368 ppm,368,360 ppm,360,366 ppm,366,365,363
17/04/2022 02:35,365 ppm,365,361 ppm,361,365 ppm,365,362 ppm,362,362 ppm,362,363,363
17/04/2022 02:40,365 ppm,365,364 ppm,364,368 ppm,368,361 ppm,361,367 ppm,367,365,364
17/04/2022 02:45,365 ppm,365,356 ppm,356,368 ppm,368,360 ppm,360,362 ppm,362,362,363
17/04/2022 02:50,365 ppm,365,364 ppm,364,362 ppm,362,358 ppm,358,362 ppm,362,362,363
17/04/2022 02:55,365 ppm,365,363 ppm,363,366 ppm,366,360 ppm,360,359 ppm,359,363,363
17/04/2022 03:00,365 ppm,365,356 ppm,356,364 ppm,364,360 ppm,360,363 ppm,363,362,363
17/04/2022 03:05,365 ppm,365,364 ppm,364,368 ppm,368,360 ppm,360,362 ppm,362,364,363
17/04/2022 03:10,365 ppm,365,366 ppm,366,360 ppm,360,360 ppm,360,364 ppm,364,363,363
17/04/2022 03:15,365 ppm,365,358 ppm,358,361 ppm,361,362 ppm,362,364 ppm,364,362,363
17/04/2022 03:20,365 ppm,365,360 ppm,360,364 ppm,364,359 ppm,359,365 ppm,365,363,363
17/04/2022 03:25,365 ppm,365,363 ppm,363,364 ppm,364,362 ppm,362,362 ppm,362,363,363
17/04/2022 03:30,365 ppm,365,362 ppm,362,368 ppm,368,359 ppm,359,362 ppm,362,363,363
17/04/2022 03:35,365 ppm,365,363 ppm,363,363 ppm,363,358 ppm,358,358 ppm,358,361,363
17/04/2022 03:40,365 ppm,365,363 ppm,363,363 ppm,363,360 ppm,360,361 ppm,361,362,363
17/04/2022 03:45,365 ppm,365,363 ppm,363,361 ppm,361,358 ppm,358,365 ppm,365,362,363
17/04/2022 03:50,365 ppm,365,363 ppm,363,360 ppm,360,366 ppm,366,358 ppm,358,362,363
17/04/2022 03:55,365 ppm,365,365 ppm,365,366 ppm,366,358 ppm,358,361 ppm,361,363,363
17/04/2022 04:00,365 ppm,365,358 ppm,358,363 ppm,363,358 ppm,358,359 ppm,359,361,362
17/04/2022 04:05,365 ppm,365,365 ppm,365,366 ppm,366,357 ppm,357,361 ppm,361,363,362
17/04/2022 04:10,365 ppm,365,358 ppm,358,367 ppm,367,357 ppm,357,360 ppm,360,361,362
17/04/2022 04:15,365 ppm,365,357 ppm,357,361 ppm,361,368 ppm,368,360 ppm,360,362,362
17/04/2022 04:20,365 ppm,365,363 ppm,363,365 ppm,365,358 ppm,358,356 ppm,356,361,362
17/04/2022 04:25,365 ppm,365,362 ppm,362,370 ppm,370,365 ppm,365,357 ppm,357,364,362
17/04/2022 04:30,365 ppm,365,360 ppm,360,359 ppm,359,364 ppm,364,362 ppm,362,362,362
17/04/2022 04:35,365 ppm,365,362 ppm,362,364 ppm,364,356 ppm,356,359 ppm,359,361,362
17/04/2022 04:40,365 ppm,365,367 ppm,367,364 ppm,364,366 ppm,366,358 ppm,358,364,362
17/04/2022 04:45,365 ppm,365,358 ppm,358,364 ppm,364,367 ppm,367,367 ppm,367,364,362
17/04/2022 04:50,365 ppm,365,357 ppm,357,361 ppm,361,367 ppm,367,361 ppm,361,362,362
17/04/2022 04:55,365 ppm,365,362 ppm,362,364 ppm,364,366 ppm,366,365 ppm,365,364,363
17/04/2022 05:00,365 ppm,365,361 ppm,361,359 ppm,359,366 ppm,366,367 ppm,367,364,363
17/04/2022 05:05,365 ppm,365,366 ppm,366,367 ppm,367,365 ppm,365,364 ppm,364,365,363
17/04/2022 05:10,365 ppm,365,366 ppm,366,358 ppm,358,365 ppm,365,367 ppm,367,364,363
17/04/2022 05:15,365 ppm,365,366 ppm,366,370 ppm,370,365 ppm,365,364 ppm,364,366,363
17/04/2022 05:20,365 ppm,365,367 ppm,367,364 ppm,364,363 ppm,363,363 ppm,363,364,363
17/04/2022 05:25,365 ppm,365,356 ppm,356,365 ppm,365,365 ppm,365,365 ppm,365,363,363
17/04/2022 05:30,365 ppm,365,366 ppm,366,365 ppm,365,365 ppm,365,367 ppm,367,366,364
17/04/2022 05:35,365 ppm,365,363 ppm,363,365 ppm,365,365 ppm,365,357 ppm,357,363,364
17/04/2022 05:40,365 ppm,365,363 ppm,363,359 ppm,359,367 ppm,367,366 ppm,366,364,364
17/04/2022 05:45,365 ppm,365,366 ppm,366,364 ppm,364,364 ppm,364,361 ppm,361,364,364
17/04/2022 05:50,365 ppm,365,365 ppm,365,362 ppm,362,364 ppm,364,366 ppm,366,364,364
17/04/2022 05:55,365 ppm,365,358 ppm,358,364 ppm,364,364 ppm,364,364 ppm,364,363,364
17/04/2022 06:00,365 ppm,365,367 ppm,367,366 ppm,366,365 ppm,365,366 ppm,366,366,364
17/04/2022 06:05,365 ppm,365,364 ppm,364,365 ppm,365,365 ppm,365,366 ppm,366,365,364
17/04/2022 06:10,365 ppm,365,364 ppm,364,364 ppm,364,362 ppm,362,364 ppm,364,364,364
17/04/2022 06:15,365 ppm,365,360 ppm,360,367 ppm,367,364 ppm,364,358 ppm,358,363,364
17/04/2022 06:20,365 ppm,365,359 ppm,359,364 ppm,364,368 ppm,368,362 ppm,362,364,364
17/04/2022 06:25,365 ppm,365,363 ppm,363,364 ppm,364,358 ppm,358,360 ppm,360,362,364
17/04/2022 06:30,365 ppm,365,364 ppm,364,366 ppm,366,366 ppm,366,362 ppm,362,365,364
17/04/2022 06:35,365 ppm,365,359 ppm,359,368 ppm,368,356 ppm,356,365 ppm,365,363,364
17/04/2022 06:40,365 ppm,365,358 ppm,358,365 ppm,365,365 ppm,365,362 ppm,362,363,364
17/04/2022 06:45,365 ppm,365,359 ppm,359,358 ppm,358,359 ppm,359,367 ppm,367,362,364
17/04/2022 06:50,365 ppm,365,364 ppm,364,360 ppm,360,358 ppm,358,364 ppm,364,362,363
17/04/2022 06:55,365 ppm,365,361 ppm,361,377 ppm,377,366 ppm,366,358 ppm,358,365,364
17/04/2022 07:00,365 ppm,365,360 ppm,360,375 ppm,375,361 ppm,361,359 ppm,359,364,364
17/04/2022 07:05,365 ppm,365,359 ppm,359,365 ppm,365,363 ppm,363,365 ppm,365,363,364
17/04/2022 07:10,365 ppm,365,358 ppm,358,358 ppm,358,361 ppm,361,360 ppm,360,360,363
17/04/2022 07:15,365 ppm,365,360 ppm,360,371 ppm,371,360 ppm,360,367 ppm,367,365,363
17/04/2022 07:20,365 ppm,365,360 ppm,360,359 ppm,359,358 ppm,358,365 ppm,365,361,363
17/04/2022 07:25,365 ppm,365,366 ppm,366,368 ppm,368,368 ppm,368,366 ppm,366,367,363
17/04/2022 07:30,365 ppm,365,359 ppm,359,359 ppm,359,367 ppm,367,362 ppm,362,362,363
17/04/2022 07:35,365 ppm,365,360 ppm,360,404 ppm,404,363 ppm,363,359 ppm,359,370,364
17/04/2022 07:40,365 ppm,365,356 ppm,356,410 ppm,410,367 ppm,367,359 ppm,359,371,364
17/04/2022 07:45,365 ppm,365,363 ppm,363,393 ppm,393,361 ppm,361,365 ppm,365,369,365
17/04/2022 07:50,365 ppm,365,362 ppm,362,452 ppm,452,362 ppm,362,360 ppm,360,380,366
17/04/2022 07:55,365 ppm,365,357 ppm,357,371 ppm,371,360 ppm,360,358 ppm,358,362,366
17/04/2022 08:00,365 ppm,365,366 ppm,366,403 ppm,403,360 ppm,360,368 ppm,368,372,366
17/04/2022 08:05,365 ppm,365,361 ppm,361,385 ppm,385,360 ppm,360,362 ppm,362,367,367
17/04/2022 08:10,365 ppm,365,368 ppm,368,363 ppm,363,360 ppm,360,366 ppm,366,364,367
17/04/2022 08:15,365 ppm,365,364 ppm,364,380 ppm,380,360 ppm,360,359 ppm,359,366,367
17/04/2022 08:20,365 ppm,365,357 ppm,357,397 ppm,397,363 ppm,363,366 ppm,366,370,367
17/04/2022 08:25,365 ppm,365,356 ppm,356,411 ppm,411,362 ppm,362,359 ppm,359,371,368
17/04/2022 08:30,365 ppm,365,366 ppm,366,366 ppm,366,360 ppm,360,360 ppm,360,363,368
17/04/2022 08:35,365 ppm,365,363 ppm,363,384 ppm,384,363 ppm,363,360 ppm,360,367,368
17/04/2022 08:40,365 ppm,365,362 ppm,362,373 ppm,373,365 ppm,365,363 ppm,363,366,368
17/04/2022 08:45,365 ppm,365,361 ppm,361,360 ppm,360,365 ppm,365,367 ppm,367,364,368
17/04/2022 08:50,365 ppm,365,363 ppm,363,410 ppm,410,367 ppm,367,366 ppm,366,374,368
17/04/2022 08:55,365 ppm,365,361 ppm,361,383 ppm,383,360 ppm,360,366 ppm,366,367,368
17/04/2022 09:00,365 ppm,365,360 ppm,360,366 ppm,366,361 ppm,361,358 ppm,358,362,368
17/04/2022 09:05,365 ppm,365,357 ppm,357,364 ppm,364,364 ppm,364,367 ppm,367,363,367
17/04/2022 09:10,365 ppm,365,364 ppm,364,367 ppm,367,363 ppm,363,356 ppm,356,363,367
17/04/2022 09:15,365 ppm,365,368 ppm,368,385 ppm,385,362 ppm,362,367 ppm,367,369,366
17/04/2022 09:20,365 ppm,365,360 ppm,360,366 ppm,366,365 ppm,365,359 ppm,359,363,366
17/04/2022 09:25,365 ppm,365,360 ppm,360,393 ppm,393,363 ppm,363,361 ppm,361,368,366
17/04/2022 09:30,365 ppm,365,356 ppm,356,357 ppm,357,364 ppm,364,363 ppm,363,361,366
17/04/2022 09:35,365 ppm,365,361 ppm,361,362 ppm,362,361 ppm,361,364 ppm,364,363,366
17/04/2022 09:40,365 ppm,365,362 ppm,362,380 ppm,380,361 ppm,361,362 ppm,362,366,365
17/04/2022 09:45,365 ppm,365,359 ppm,359,363 ppm,363,363 ppm,363,357 ppm,357,361,365
17/04/2022 09:50,365 ppm,365,356 ppm,356,365 ppm,365,367 ppm,367,367 ppm,367,364,365
17/04/2022 09:55,365 ppm,365,361 ppm,361,360 ppm,360,360 ppm,360,359 ppm,359,361,365
17/04/2022 10:00,365 ppm,365,363 ppm,363,363 ppm,363,360 ppm,360,367 ppm,367,364,365
17/04/2022 10:05,365 ppm,365,359 ppm,359,364 ppm,364,363 ppm,363,364 ppm,364,363,364
17/04/2022 10:10,365 ppm,365,357 ppm,357,365 ppm,365,366 ppm,366,365 ppm,365,364,364
17/04/2022 10:15,365 ppm,365,360 ppm,360,384 ppm,384,363 ppm,363,366 ppm,366,368,364
17/04/2022 10:20,365 ppm,365,356 ppm,356,368 ppm,368,362 ppm,362,365 ppm,365,363,364
17/04/2022 10:25,365 ppm,365,367 ppm,367,363 ppm,363,363 ppm,363,359 ppm,359,363,364
17/04/2022 10:30,365 ppm,365,372 ppm,372,365 ppm,365,361 ppm,361,365 ppm,365,366,364
17/04/2022 10:35,365 ppm,365,365 ppm,365,362 ppm,362,362 ppm,362,361 ppm,361,363,364
17/04/2022 10:40,365 ppm,365,367 ppm,367,378 ppm,378,364 ppm,364,359 ppm,359,367,364
17/04/2022 10:45,365 ppm,365,362 ppm,362,412 ppm,412,360 ppm,360,361 ppm,361,372,364
17/04/2022 10:50,365 ppm,365,364 ppm,364,382 ppm,382,363 ppm,363,361 ppm,361,367,365
17/04/2022 10:55,365 ppm,365,367 ppm,367,361 ppm,361,365 ppm,365,365 ppm,365,365,365
17/04/2022 11:00,365 ppm,365,358 ppm,358,406 ppm,406,359 ppm,359,363 ppm,363,370,365
17/04/2022 11:05,365 ppm,365,359 ppm,359,369 ppm,369,360 ppm,360,360 ppm,360,363,365
17/04/2022 11:10,365 ppm,365,356 ppm,356,361 ppm,361,360 ppm,360,365 ppm,365,361,365
17/04/2022 11:15,365 ppm,365,361 ppm,361,359 ppm,359,357 ppm,357,360 ppm,360,360,365
17/04/2022 11:20,365 ppm,365,368 ppm,368,375 ppm,375,356 ppm,356,362 ppm,362,365,365
17/04/2022 11:25,365 ppm,365,367 ppm,367,399 ppm,399,365 ppm,365,361 ppm,361,371,366
17/04/2022 11:30,365 ppm,365,363 ppm,363,357 ppm,357,365 ppm,365,364 ppm,364,363,365
17/04/2022 11:35,365 ppm,365,365 ppm,365,400 ppm,400,361 ppm,361,361 ppm,361,370,366
17/04/2022 11:40,365 ppm,365,365 ppm,365,365 ppm,365,362 ppm,362,364 ppm,364,364,366
17/04/2022 11:45,365 ppm,365,369 ppm,369,368 ppm,368,367 ppm,367,361 ppm,361,366,366
17/04/2022 11:50,365 ppm,365,357 ppm,357,399 ppm,399,367 ppm,367,363 ppm,363,370,366
17/04/2022 11:55,365 ppm,365,357 ppm,357,365 ppm,365,363 ppm,363,359 ppm,359,362,366
17/04/2022 12:00,365 ppm,365,375 ppm,375,367 ppm,367,367 ppm,367,362 ppm,362,367,366
17/04/2022 12:05,365 ppm,365,362 ppm,362,367 ppm,367,363 ppm,363,363 ppm,363,364,365
17/04/2022 12:10,365 ppm,365,358 ppm,358,383 ppm,383,365 ppm,365,358 ppm,358,366,366
17/04/2022 12:15,365 ppm,365,375 ppm,375,376 ppm,376,364 ppm,364,365 ppm,365,369,365
17/04/2022 12:20,365 ppm,365,362 ppm,362,367 ppm,367,360 ppm,360,362 ppm,362,363,366
17/04/2022 12:25,365 ppm,365,364 ppm,364,362 ppm,362,365 ppm,365,357 ppm,357,363,366
17/04/2022 12:30,365 ppm,365,360 ppm,360,392 ppm,392,359 ppm,359,364 ppm,364,368,366
17/04/2022 12:35,365 ppm,365,363 ppm,363,365 ppm,365,363 ppm,363,361 ppm,361,363,366
17/04/2022 12:40,365 ppm,365,362 ppm,362,373 ppm,373,367 ppm,367,368 ppm,368,367,366
17/04/2022 12:45,365 ppm,365,373 ppm,373,360 ppm,360,362 ppm,362,364 ppm,364,365,366
17/04/2022 12:50,365 ppm,365,363 ppm,363,372 ppm,372,361 ppm,361,361 ppm,361,364,365
17/04/2022 12:55,365 ppm,365,363 ppm,363,381 ppm,381,363 ppm,363,364 ppm,364,367,366
17/04/2022 13:00,365 ppm,365,366 ppm,366,384 ppm,384,362 ppm,362,366 ppm,366,369,366
17/04/2022 13:05,365 ppm,365,366 ppm,366,391 ppm,391,365 ppm,365,360 ppm,360,369,366
17/04/2022 13:10,365 ppm,365,366 ppm,366,356 ppm,356,361 ppm,361,364 ppm,364,362,366
17/04/2022 13:15,365 ppm,365,367 ppm,367,367 ppm,367,358 ppm,358,361 ppm,361,364,366
17/04/2022 13:20,365 ppm,365,364 ppm,364,385 ppm,385,361 ppm,361,358 ppm,358,367,366
17/04/2022 13:25,365 ppm,365,359 ppm,359,359 ppm,359,359 ppm,359,363 ppm,363,361,365
17/04/2022 13:30,365 ppm,365,376 ppm,376,395 ppm,395,359 ppm,359,361 ppm,361,371,366
17/04/2022 13:35,365 ppm,365,365 ppm,365,364 ppm,364,361 ppm,361,365 ppm,365,364,366
17/04/2022 13:40,365 ppm,365,364 ppm,364,366 ppm,366,368 ppm,368,364 ppm,364,365,366
17/04/2022 13:45,365 ppm,365,365 ppm,365,400 ppm,400,358 ppm,358,361 ppm,361,370,366
17/04/2022 13:50,365 ppm,365,362 ppm,362,385 ppm,385,360 ppm,360,364 ppm,364,367,366
17/04/2022 13:55,365 ppm,365,359 ppm,359,386 ppm,386,365 ppm,365,365 ppm,365,368,366
17/04/2022 14:00,365 ppm,365,366 ppm,366,367 ppm,367,359 ppm,359,363 ppm,363,364,366
17/04/2022 14:05,365 ppm,365,377 ppm,377,364 ppm,364,365 ppm,365,362 ppm,362,367,366
17/04/2022 14:10,365 ppm,365,363 ppm,363,364 ppm,364,361 ppm,361,367 ppm,367,364,366
17/04/2022 14:15,365 ppm,365,360 ppm,360,371 ppm,371,367 ppm,367,356 ppm,356,364,366
17/04/2022 14:20,365 ppm,365,361 ppm,361,401 ppm,401,361 ppm,361,361 ppm,361,370,366
17/04/2022 14:25,365 ppm,365,361 ppm,361,367 ppm,367,364 ppm,364,364 ppm,364,364,366
17/04/2022 14:30,365 ppm,365,367 ppm,367,367 ppm,367,361 ppm,361,358 ppm,358,364,366
17/04/2022 14:35,365 ppm,365,364 ppm,364,362 ppm,362,366 ppm,366,364 ppm,364,364,366
17/04/2022 14:40,365 ppm,365,382 ppm,382,373 ppm,373,365 ppm,365,365 ppm,365,370,366
17/04/2022 14:45,365 ppm,365,357 ppm,357,406 ppm,406,365 ppm,365,361 ppm,361,371,366
17/04/2022 14:50,365 ppm,365,363 ppm,363,376 ppm,376,364 ppm,364,366 ppm,366,367,367
17/04/2022 14:55,365 ppm,365,364 ppm,364,384 ppm,384,363 ppm,363,362 ppm,362,368,367
17/04/2022 15:00,365 ppm,365,368 ppm,368,367 ppm,367,366 ppm,366,358 ppm,358,365,366
17/04/2022 15:05,365 ppm,365,361 ppm,361,360 ppm,360,364 ppm,364,359 ppm,359,362,366
17/04/2022 15:10,365 ppm,365,380 ppm,380,358 ppm,358,358 ppm,358,365 ppm,365,365,366
17/04/2022 15:15,365 ppm,365,364 ppm,364,384 ppm,384,359 ppm,359,357 ppm,357,366,366
17/04/2022 15:20,365 ppm,365,363 ppm,363,382 ppm,382,360 ppm,360,368 ppm,368,368,366
17/04/2022 15:25,365 ppm,365,359 ppm,359,359 ppm,359,363 ppm,363,361 ppm,361,361,366
17/04/2022 15:30,365 ppm,365,390 ppm,390,363 ppm,363,361 ppm,361,366 ppm,366,369,366
17/04/2022 15:35,365 ppm,365,361 ppm,361,380 ppm,380,358 ppm,358,363 ppm,363,365,366
17/04/2022 15:40,365 ppm,365,361 ppm,361,404 ppm,404,358 ppm,358,365 ppm,365,371,366
17/04/2022 15:45,365 ppm,365,362 ppm,362,359 ppm,359,356 ppm,356,360 ppm,360,360,366
17/04/2022 15:50,365 ppm,365,364 ppm,364,359 ppm,359,358 ppm,358,363 ppm,363,362,366
17/04/2022 15:55,365 ppm,365,361 ppm,361,362 ppm,362,362 ppm,362,358 ppm,358,362,365
17/04/2022 16:00,365 ppm,365,378 ppm,378,359 ppm,359,366 ppm,366,366 ppm,366,367,365
17/04/2022 16:05,365 ppm,365,366 ppm,366,371 ppm,371,366 ppm,366,364 ppm,364,366,365
17/04/2022 16:10,365 ppm,365,363 ppm,363,363 ppm,363,368 ppm,368,359 ppm,359,364,365
17/04/2022 16:15,365 ppm,365,360 ppm,360,361 ppm,361,357 ppm,357,361 ppm,361,361,365
17/04/2022 16:20,365 ppm,365,363 ppm,363,364 ppm,364,361 ppm,361,366 ppm,366,364,365
17/04/2022 16:25,365 ppm,365,360 ppm,360,362 ppm,362,363 ppm,363,358 ppm,358,362,364
17/04/2022 16:30,365 ppm,365,361 ppm,361,367 ppm,367,362 ppm,362,360 ppm,360,363,364
17/04/2022 16:35,365 ppm,365,365 ppm,365,368 ppm,368,359 ppm,359,362 ppm,362,364,364
17/04/2022 16:40,365 ppm,365,375 ppm,375,388 ppm,388,365 ppm,365,359 ppm,359,370,365
17/04/2022 16:45,365 ppm,365,365 ppm,365,356 ppm,356,363 ppm,363,363 ppm,363,362,364
17/04/2022 16:50,365 ppm,365,362 ppm,362,366 ppm,366,367 ppm,367,363 ppm,363,365,364
17/04/2022 16:55,365 ppm,365,366 ppm,366,371 ppm,371,367 ppm,367,365 ppm,365,367,364
17/04/2022 17:00,365 ppm,365,362 ppm,362,365 ppm,365,368 ppm,368,368 ppm,368,366,364
17/04/2022 17:05,365 ppm,365,534 ppm,534,368 ppm,368,360 ppm,360,365 ppm,365,398,367
17/04/2022 17:10,365 ppm,365,365 ppm,365,375 ppm,375,362 ppm,362,361 ppm,361,366,367
17/04/2022 17:15,365 ppm,365,404 ppm,404,358 ppm,358,357 ppm,357,364 ppm,364,370,367
17/04/2022 17:20,365 ppm,365,361 ppm,361,364 ppm,364,359 ppm,359,364 ppm,364,363,367
17/04/2022 17:25,365 ppm,365,367 ppm,367,360 ppm,360,360 ppm,360,365 ppm,365,363,367
17/04/2022 17:30,365 ppm,365,363 ppm,363,384 ppm,384,362 ppm,362,358 ppm,358,366,367
17/04/2022 17:35,365 ppm,365,362 ppm,362,359 ppm,359,361 ppm,361,363 ppm,363,362,367
17/04/2022 17:40,365 ppm,365,361 ppm,361,367 ppm,367,362 ppm,362,365 ppm,365,364,367
17/04/2022 17:45,365 ppm,365,362 ppm,362,364 ppm,364,363 ppm,363,360 ppm,360,363,367
17/04/2022 17:50,365 ppm,365,358 ppm,358,367 ppm,367,359 ppm,359,366 ppm,366,363,367
17/04/2022 17:55,365 ppm,365,369 ppm,369,362 ppm,362,365 ppm,365,357 ppm,357,364,367
17/04/2022 18:00,365 ppm,365,363 ppm,363,370 ppm,370,366 ppm,366,360 ppm,360,365,367
17/04/2022 18:05,365 ppm,365,356 ppm,356,367 ppm,367,363 ppm,363,360 ppm,360,362,367
17/04/2022 18:10,365 ppm,365,360 ppm,360,400 ppm,400,366 ppm,366,360 ppm,360,370,367
17/04/2022 18:15,365 ppm,365,363 ppm,363,361 ppm,361,362 ppm,362,356 ppm,356,361,367
17/04/2022 18:20,365 ppm,365,367 ppm,367,367 ppm,367,361 ppm,361,362 ppm,362,364,364
17/04/2022 18:25,365 ppm,365,360 ppm,360,383 ppm,383,364 ppm,364,361 ppm,361,367,364
17/04/2022 18:30,365 ppm,365,364 ppm,364,363 ppm,363,362 ppm,362,365 ppm,365,364,364
17/04/2022 18:35,365 ppm,365,370 ppm,370,421 ppm,421,358 ppm,358,367 ppm,367,376,365
17/04/2022 18:40,365 ppm,365,366 ppm,366,358 ppm,358,357 ppm,357,362 ppm,362,362,365
17/04/2022 18:45,365 ppm,365,363 ppm,363,377 ppm,377,360 ppm,360,359 ppm,359,365,365
17/04/2022 18:50,365 ppm,365,363 ppm,363,360 ppm,360,361 ppm,361,356 ppm,356,361,365
17/04/2022 18:55,365 ppm,365,358 ppm,358,360 ppm,360,361 ppm,361,366 ppm,366,362,365
17/04/2022 19:00,365 ppm,365,359 ppm,359,424 ppm,424,364 ppm,364,366 ppm,366,376,365
17/04/2022 19:05,365 ppm,365,363 ppm,363,368 ppm,368,358 ppm,358,357 ppm,357,362,365
17/04/2022 19:10,365 ppm,365,366 ppm,366,363 ppm,363,361 ppm,361,361 ppm,361,363,365
17/04/2022 19:15,365 ppm,365,358 ppm,358,384 ppm,384,364 ppm,364,366 ppm,366,367,366
17/04/2022 19:20,365 ppm,365,364 ppm,364,368 ppm,368,360 ppm,360,367 ppm,367,365,366
17/04/2022 19:25,365 ppm,365,374 ppm,374,424 ppm,424,366 ppm,366,361 ppm,361,378,366
17/04/2022 19:30,365 ppm,365,363 ppm,363,369 ppm,369,357 ppm,357,366 ppm,366,364,366
17/04/2022 19:35,365 ppm,365,366 ppm,366,385 ppm,385,361 ppm,361,366 ppm,366,369,367
17/04/2022 19:40,365 ppm,365,364 ppm,364,383 ppm,383,360 ppm,360,362 ppm,362,367,367
17/04/2022 19:45,365 ppm,365,360 ppm,360,395 ppm,395,358 ppm,358,364 ppm,364,368,367
17/04/2022 19:50,365 ppm,365,360 ppm,360,365 ppm,365,360 ppm,360,362 ppm,362,362,366
17/04/2022 19:55,365 ppm,365,368 ppm,368,418 ppm,418,362 ppm,362,363 ppm,363,375,367
17/04/2022 20:00,365 ppm,365,362 ppm,362,373 ppm,373,361 ppm,361,365 ppm,365,365,367
17/04/2022 20:05,365 ppm,365,361 ppm,361,365 ppm,365,359 ppm,359,361 ppm,361,362,367
17/04/2022 20:10,365 ppm,365,358 ppm,358,362 ppm,362,363 ppm,363,361 ppm,361,362,367
17/04/2022 20:15,365 ppm,365,362 ppm,362,382 ppm,382,358 ppm,358,364 ppm,364,366,366
17/04/2022 20:20,365 ppm,365,360 ppm,360,384 ppm,384,359 ppm,359,365 ppm,365,367,367
17/04/2022 20:25,365 ppm,365,364 ppm,364,378 ppm,378,357 ppm,357,365 ppm,365,366,367
17/04/2022 20:30,365 ppm,365,365 ppm,365,424 ppm,424,361 ppm,361,356 ppm,356,374,367
17/04/2022 20:35,365 ppm,365,364 ppm,364,369 ppm,369,363 ppm,363,365 ppm,365,365,367
17/04/2022 20:40,365 ppm,365,397 ppm,397,358 ppm,358,366 ppm,366,366 ppm,366,370,367
17/04/2022 20:45,365 ppm,365,365 ppm,365,414 ppm,414,360 ppm,360,365 ppm,365,374,368
17/04/2022 20:50,365 ppm,365,357 ppm,357,366 ppm,366,363 ppm,363,363 ppm,363,363,367
17/04/2022 20:55,365 ppm,365,362 ppm,362,415 ppm,415,366 ppm,366,366 ppm,366,375,368
17/04/2022 21:00,365 ppm,365,365 ppm,365,358 ppm,358,366 ppm,366,358 ppm,358,362,367
17/04/2022 21:05,365 ppm,365,357 ppm,357,375 ppm,375,364 ppm,364,364 ppm,364,365,367
17/04/2022 21:10,365 ppm,365,368 ppm,368,418 ppm,418,363 ppm,363,358 ppm,358,374,367
17/04/2022 21:15,365 ppm,365,363 ppm,363,363 ppm,363,365 ppm,365,366 ppm,366,364,367
17/04/2022 21:20,365 ppm,365,366 ppm,366,367 ppm,367,356 ppm,356,366 ppm,366,364,367
17/04/2022 21:25,365 ppm,365,364 ppm,364,375 ppm,375,357 ppm,357,363 ppm,363,365,368
17/04/2022 21:30,365 ppm,365,368 ppm,368,417 ppm,417,357 ppm,357,364 ppm,364,374,368
17/04/2022 21:35,365 ppm,365,359 ppm,359,392 ppm,392,361 ppm,361,357 ppm,357,367,368
17/04/2022 21:40,365 ppm,365,364 ppm,364,366 ppm,366,365 ppm,365,361 ppm,361,364,368
17/04/2022 21:45,365 ppm,365,377 ppm,377,380 ppm,380,363 ppm,363,358 ppm,358,369,368
17/04/2022 21:50,365 ppm,365,369 ppm,369,366 ppm,366,367 ppm,367,360 ppm,360,365,368
17/04/2022 21:55,365 ppm,365,367 ppm,367,371 ppm,371,367 ppm,367,363 ppm,363,367,367
17/04/2022 22:00,365 ppm,365,363 ppm,363,423 ppm,423,364 ppm,364,360 ppm,360,375,368
17/04/2022 22:05,365 ppm,365,358 ppm,358,368 ppm,368,361 ppm,361,362 ppm,362,363,368
17/04/2022 22:10,365 ppm,365,362 ppm,362,387 ppm,387,360 ppm,360,437 ppm,437,382,368
17/04/2022 22:15,365 ppm,365,363 ppm,363,365 ppm,365,362 ppm,362,402 ppm,402,371,369
17/04/2022 22:20,365 ppm,365,360 ppm,360,361 ppm,361,360 ppm,360,494 ppm,494,388,370
17/04/2022 22:25,365 ppm,365,358 ppm,358,380 ppm,380,363 ppm,363,491 ppm,491,391,371
17/04/2022 22:30,365 ppm,365,361 ppm,361,367 ppm,367,365 ppm,365,373 ppm,373,366,371
17/04/2022 22:35,365 ppm,365,363 ppm,363,393 ppm,393,365 ppm,365,471 ppm,471,391,373
17/04/2022 22:40,365 ppm,365,357 ppm,357,367 ppm,367,358 ppm,358,417 ppm,417,373,374
17/04/2022 22:45,365 ppm,365,359 ppm,359,379 ppm,379,366 ppm,366,375 ppm,375,369,373
17/04/2022 22:50,365 ppm,365,357 ppm,357,367 ppm,367,359 ppm,359,382 ppm,382,366,373
17/04/2022 22:55,365 ppm,365,365 ppm,365,364 ppm,364,363 ppm,363,363 ppm,363,364,373
17/04/2022 23:00,365 ppm,365,361 ppm,361,365 ppm,365,361 ppm,361,394 ppm,394,369,373
17/04/2022 23:05,365 ppm,365,365 ppm,365,357 ppm,357,364 ppm,364,364 ppm,364,363,373
17/04/2022 23:10,365 ppm,365,361 ppm,361,369 ppm,369,366 ppm,366,366 ppm,366,365,373
17/04/2022 23:15,365 ppm,365,365 ppm,365,359 ppm,359,358 ppm,358,357 ppm,357,361,372
17/04/2022 23:20,365 ppm,365,367 ppm,367,380 ppm,380,360 ppm,360,360 ppm,360,366,372
17/04/2022 23:25,365 ppm,365,360 ppm,360,365 ppm,365,365 ppm,365,358 ppm,358,363,371
17/04/2022 23:30,365 ppm,365,360 ppm,360,362 ppm,362,366 ppm,366,357 ppm,357,362,371
17/04/2022 23:35,365 ppm,365,360 ppm,360,380 ppm,380,358 ppm,358,359 ppm,359,364,369
17/04/2022 23:40,365 ppm,365,362 ppm,362,364 ppm,364,359 ppm,359,368 ppm,368,364,367
17/04/2022 23:45,365 ppm,365,362 ppm,362,367 ppm,367,361 ppm,361,362 ppm,362,363,367
17/04/2022 23:50,365 ppm,365,363 ppm,363,368 ppm,368,362 ppm,362,360 ppm,360,364,365
17/04/2022 23:55,365 ppm,365,366 ppm,366,374 ppm,374,361 ppm,361,359 ppm,359,365,365
18/04/2022 00:00,365 ppm,365,365 ppm,365,364 ppm,364,357 ppm,357,363 ppm,363,363,364
18/04/2022 00:05,365 ppm,365,359 ppm,359,366 ppm,366,359 ppm,359,358 ppm,358,361,364
18/04/2022 00:10,365 ppm,365,363 ppm,363,365 ppm,365,357 ppm,357,362 ppm,362,362,364
18/04/2022 00:15,365 ppm,365,356 ppm,356,366 ppm,366,360 ppm,360,365 ppm,365,362,363
18/04/2022 00:20,365 ppm,365,359 ppm,359,363 ppm,363,359 ppm,359,364 ppm,364,362,363
18/04/2022 00:25,365 ppm,365,362 ppm,362,367 ppm,367,363 ppm,363,364 ppm,364,364,363
18/04/2022 00:30,365 ppm,365,359 ppm,359,366 ppm,366,362 ppm,362,357 ppm,357,362,363
18/04/2022 00:35,365 ppm,365,360 ppm,360,364 ppm,364,361 ppm,361,368 ppm,368,364,363
18/04/2022 00:40,365 ppm,365,364 ppm,364,360 ppm,360,361 ppm,361,363 ppm,363,363,363
18/04/2022 00:45,365 ppm,365,362 ppm,362,357 ppm,357,363 ppm,363,368 ppm,368,363,363
18/04/2022 00:50,365 ppm,365,362 ppm,362,357 ppm,357,364 ppm,364,360 ppm,360,362,363
18/04/2022 00:55,365 ppm,365,362 ppm,362,365 ppm,365,364 ppm,364,362 ppm,362,364,363
18/04/2022 01:00,365 ppm,365,364 ppm,364,368 ppm,368,364 ppm,364,362 ppm,362,365,363
18/04/2022 01:05,365 ppm,365,363 ppm,363,367 ppm,367,363 ppm,363,366 ppm,366,365,363
18/04/2022 01:10,365 ppm,365,363 ppm,363,368 ppm,368,359 ppm,359,363 ppm,363,364,363
18/04/2022 01:15,365 ppm,365,356 ppm,356,368 ppm,368,366 ppm,366,365 ppm,365,364,363
18/04/2022 01:20,365 ppm,365,364 ppm,364,357 ppm,357,357 ppm,357,366 ppm,366,362,363
18/04/2022 01:25,365 ppm,365,358 ppm,358,366 ppm,366,367 ppm,367,361 ppm,361,363,363
18/04/2022 01:30,365 ppm,365,364 ppm,364,368 ppm,368,365 ppm,365,366 ppm,366,366,363
18/04/2022 01:35,365 ppm,365,364 ppm,364,362 ppm,362,361 ppm,361,363 ppm,363,363,363
18/04/2022 01:40,365 ppm,365,362 ppm,362,365 ppm,365,367 ppm,367,361 ppm,361,364,363
18/04/2022 01:45,365 ppm,365,364 ppm,364,365 ppm,365,366 ppm,366,363 ppm,363,365,364
18/04/2022 01:50,365 ppm,365,364 ppm,364,359 ppm,359,368 ppm,368,365 ppm,365,364,364
18/04/2022 01:55,365 ppm,365,365 ppm,365,363 ppm,363,367 ppm,367,364 ppm,364,365,364
18/04/2022 02:00,365 ppm,365,361 ppm,361,369 ppm,369,357 ppm,357,358 ppm,358,362,364
18/04/2022 02:05,365 ppm,365,363 ppm,363,366 ppm,366,366 ppm,366,366 ppm,366,365,364
18/04/2022 02:10,365 ppm,365,362 ppm,362,365 ppm,365,366 ppm,366,364 ppm,364,364,364
18/04/2022 02:15,365 ppm,365,360 ppm,360,361 ppm,361,358 ppm,358,364 ppm,364,362,364
18/04/2022 02:20,365 ppm,365,363 ppm,363,359 ppm,359,356 ppm,356,365 ppm,365,362,364
18/04/2022 02:25,365 ppm,365,363 ppm,363,366 ppm,366,367 ppm,367,368 ppm,368,366,364
18/04/2022 02:30,365 ppm,365,361 ppm,361,362 ppm,362,363 ppm,363,365 ppm,365,363,364
18/04/2022 02:35,365 ppm,365,360 ppm,360,364 ppm,364,366 ppm,366,362 ppm,362,363,364
18/04/2022 02:40,365 ppm,365,361 ppm,361,358 ppm,358,368 ppm,368,365 ppm,365,363,364
18/04/2022 02:45,365 ppm,365,363 ppm,363,368 ppm,368,367 ppm,367,364 ppm,364,365,364
18/04/2022 02:50,365 ppm,365,359 ppm,359,359 ppm,359,364 ppm,364,366 ppm,366,363,364
18/04/2022 02:55,365 ppm,365,360 ppm,360,365 ppm,365,364 ppm,364,359 ppm,359,363,364
18/04/2022 03:00,365 ppm,365,358 ppm,358,366 ppm,366,364 ppm,364,361 ppm,361,363,364
18/04/2022 03:05,365 ppm,365,368 ppm,368,365 ppm,365,363 ppm,363,364 ppm,364,365,364
18/04/2022 03:10,365 ppm,365,359 ppm,359,361 ppm,361,364 ppm,364,365 ppm,365,363,363
18/04/2022 03:15,365 ppm,365,357 ppm,357,359 ppm,359,364 ppm,364,361 ppm,361,361,363
18/04/2022 03:20,365 ppm,365,361 ppm,361,358 ppm,358,364 ppm,364,358 ppm,358,361,363
18/04/2022 03:25,365 ppm,365,365 ppm,365,382 ppm,382,366 ppm,366,364 ppm,364,368,363
18/04/2022 03:30,365 ppm,365,359 ppm,359,364 ppm,364,366 ppm,366,361 ppm,361,363,363
18/04/2022 03:35,365 ppm,365,356 ppm,356,361 ppm,361,362 ppm,362,363 ppm,363,361,363
18/04/2022 03:40,365 ppm,365,358 ppm,358,360 ppm,360,361 ppm,361,360 ppm,360,361,363
18/04/2022 03:45,365 ppm,365,359 ppm,359,368 ppm,368,364 ppm,364,363 ppm,363,364,363
18/04/2022 03:50,365 ppm,365,359 ppm,359,368 ppm,368,364 ppm,364,359 ppm,359,363,363
18/04/2022 03:55,365 ppm,365,358 ppm,358,363 ppm,363,362 ppm,362,366 ppm,366,363,363
18/04/2022 04:00,365 ppm,365,360 ppm,360,365 ppm,365,361 ppm,361,364 ppm,364,363,363
18/04/2022 04:05,365 ppm,365,356 ppm,356,364 ppm,364,363 ppm,363,364 ppm,364,362,363
18/04/2022 04:10,365 ppm,365,359 ppm,359,367 ppm,367,363 ppm,363,362 ppm,362,363,363
18/04/2022 04:15,365 ppm,365,357 ppm,357,363 ppm,363,363 ppm,363,357 ppm,357,361,363
18/04/2022 04:20,365 ppm,365,368 ppm,368,358 ppm,358,364 ppm,364,363 ppm,363,364,363
18/04/2022 04:25,365 ppm,365,359 ppm,359,362 ppm,362,361 ppm,361,358 ppm,358,361,363
18/04/2022 04:30,365 ppm,365,365 ppm,365,358 ppm,358,359 ppm,359,359 ppm,359,361,363
18/04/2022 04:35,365 ppm,365,368 ppm,368,362 ppm,362,360 ppm,360,366 ppm,366,364,363
18/04/2022 04:40,365 ppm,365,359 ppm,359,364 ppm,364,360 ppm,360,360 ppm,360,362,362
18/04/2022 04:45,365 ppm,365,365 ppm,365,359 ppm,359,360 ppm,360,359 ppm,359,362,362
18/04/2022 04:50,365 ppm,365,356 ppm,356,368 ppm,368,359 ppm,359,361 ppm,361,362,362
18/04/2022 04:55,365 ppm,365,365 ppm,365,359 ppm,359,363 ppm,363,360 ppm,360,362,362
18/04/2022 05:00,365 ppm,365,367 ppm,367,364 ppm,364,358 ppm,358,362 ppm,362,363,362
18/04/2022 05:05,365 ppm,365,368 ppm,368,358 ppm,358,362 ppm,362,357 ppm,357,362,362
18/04/2022 05:10,365 ppm,365,363 ppm,363,368 ppm,368,360 ppm,360,359 ppm,359,363,362
18/04/2022 05:15,365 ppm,365,366 ppm,366,363 ppm,363,361 ppm,361,363 ppm,363,364,362
18/04/2022 05:20,365 ppm,365,365 ppm,365,357 ppm,357,360 ppm,360,359 ppm,359,361,362
18/04/2022 05:25,365 ppm,365,365 ppm,365,368 ppm,368,362 ppm,362,361 ppm,361,364,362
18/04/2022 05:30,365 ppm,365,365 ppm,365,365 ppm,365,363 ppm,363,360 ppm,360,364,363
18/04/2022 05:35,365 ppm,365,363 ppm,363,364 ppm,364,361 ppm,361,362 ppm,362,363,363
18/04/2022 05:40,365 ppm,365,366 ppm,366,356 ppm,356,362 ppm,362,357 ppm,357,361,363
18/04/2022 05:45,365 ppm,365,364 ppm,364,365 ppm,365,364 ppm,364,359 ppm,359,363,363
18/04/2022 05:50,365 ppm,365,368 ppm,368,361 ppm,361,360 ppm,360,360 ppm,360,363,363
18/04/2022 05:55,365 ppm,365,366 ppm,366,357 ppm,357,362 ppm,362,360 ppm,360,362,363
18/04/2022 06:00,365 ppm,365,366 ppm,366,367 ppm,367,360 ppm,360,361 ppm,361,364,363
18/04/2022 06:05,365 ppm,365,363 ppm,363,362 ppm,362,359 ppm,359,361 ppm,361,362,363
18/04/2022 06:10,365 ppm,365,360 ppm,360,364 ppm,364,358 ppm,358,363 ppm,363,362,363
18/04/2022 06:15,365 ppm,365,364 ppm,364,365 ppm,365,359 ppm,359,363 ppm,363,363,363
18/04/2022 06:20,365 ppm,365,359 ppm,359,357 ppm,357,362 ppm,362,360 ppm,360,361,363
18/04/2022 06:25,365 ppm,365,364 ppm,364,365 ppm,365,363 ppm,363,357 ppm,357,363,363
18/04/2022 06:30,365 ppm,365,365 ppm,365,357 ppm,357,367 ppm,367,360 ppm,360,363,363
18/04/2022 06:35,365 ppm,365,361 ppm,361,363 ppm,363,360 ppm,360,360 ppm,360,362,363
18/04/2022 06:40,365 ppm,365,364 ppm,364,376 ppm,376,364 ppm,364,360 ppm,360,366,363
18/04/2022 06:45,365 ppm,365,367 ppm,367,366 ppm,366,361 ppm,361,359 ppm,359,364,363
18/04/2022 06:50,365 ppm,365,358 ppm,358,391 ppm,391,356 ppm,356,365 ppm,365,367,363
18/04/2022 06:55,365 ppm,365,363 ppm,363,360 ppm,360,361 ppm,361,358 ppm,358,361,363
18/04/2022 07:00,365 ppm,365,360 ppm,360,364 ppm,364,360 ppm,360,361 ppm,361,362,363
18/04/2022 07:05,365 ppm,365,360 ppm,360,369 ppm,369,365 ppm,365,362 ppm,362,364,363
18/04/2022 07:10,365 ppm,365,364 ppm,364,367 ppm,367,362 ppm,362,359 ppm,359,363,363
18/04/2022 07:15,365 ppm,365,362 ppm,362,359 ppm,359,365 ppm,365,365 ppm,365,363,363
18/04/2022 07:20,365 ppm,365,365 ppm,365,368 ppm,368,361 ppm,361,365 ppm,365,365,363
18/04/2022 07:25,365 ppm,365,366 ppm,366,359 ppm,359,364 ppm,364,362 ppm,362,363,363
18/04/2022 07:30,365 ppm,365,363 ppm,363,392 ppm,392,358 ppm,358,363 ppm,363,368,364
18/04/2022 07:35,365 ppm,365,364 ppm,364,365 ppm,365,358 ppm,358,359 ppm,359,362,364
18/04/2022 07:40,365 ppm,365,361 ppm,361,426 ppm,426,359 ppm,359,359 ppm,359,374,365
18/04/2022 07:45,365 ppm,365,360 ppm,360,370 ppm,370,359 ppm,359,363 ppm,363,363,365
18/04/2022 07:50,365 ppm,365,366 ppm,366,363 ppm,363,362 ppm,362,366 ppm,366,364,365
18/04/2022 07:55,365 ppm,365,366 ppm,366,362 ppm,362,363 ppm,363,364 ppm,364,364,365
18/04/2022 08:00,365 ppm,365,367 ppm,367,369 ppm,369,361 ppm,361,356 ppm,356,364,365
18/04/2022 08:05,365 ppm,365,358 ppm,358,383 ppm,383,363 ppm,363,360 ppm,360,366,365
18/04/2022 08:10,365 ppm,365,361 ppm,361,368 ppm,368,366 ppm,366,361 ppm,361,364,365
18/04/2022 08:15,365 ppm,365,358 ppm,358,356 ppm,356,359 ppm,359,357 ppm,357,359,365
18/04/2022 08:20,365 ppm,365,366 ppm,366,361 ppm,361,361 ppm,361,366 ppm,366,364,364
18/04/2022 08:25,365 ppm,365,365 ppm,365,383 ppm,383,356 ppm,356,366 ppm,366,367,365
18/04/2022 08:30,365 ppm,365,362 ppm,362,361 ppm,361,364 ppm,364,360 ppm,360,362,365
18/04/2022 08:35,365 ppm,365,363 ppm,363,406 ppm,406,360 ppm,360,359 ppm,359,371,365
18/04/2022 08:40,365 ppm,365,358 ppm,358,373 ppm,373,366 ppm,366,359 ppm,359,364,365
18/04/2022 08:45,365 ppm,365,360 ppm,360,357 ppm,357,366 ppm,366,358 ppm,358,361,365
18/04/2022 08:50,365 ppm,365,360 ppm,360,357 ppm,357,364 ppm,364,366 ppm,366,362,365
18/04/2022 08:55,365 ppm,365,362 ppm,362,361 ppm,361,364 ppm,364,363 ppm,363,363,364
18/04/2022 09:00,365 ppm,365,363 ppm,363,366 ppm,366,362 ppm,362,361 ppm,361,363,364
18/04/2022 09:05,365 ppm,365,365 ppm,365,357 ppm,357,368 ppm,368,360 ppm,360,363,364
18/04/2022 09:10,365 ppm,365,356 ppm,356,366 ppm,366,364 ppm,364,356 ppm,356,361,364
18/04/2022 09:15,365 ppm,365,364 ppm,364,367 ppm,367,358 ppm,358,364 ppm,364,364,364
18/04/2022 09:20,365 ppm,365,359 ppm,359,363 ppm,363,363 ppm,363,358 ppm,358,362,363
18/04/2022 09:25,365 ppm,365,364 ppm,364,381 ppm,381,360 ppm,360,364 ppm,364,367,364
18/04/2022 09:30,365 ppm,365,367 ppm,367,370 ppm,370,360 ppm,360,364 ppm,364,365,364
18/04/2022 09:35,365 ppm,365,361 ppm,361,368 ppm,368,364 ppm,364,364 ppm,364,364,364
18/04/2022 09:40,365 ppm,365,366 ppm,366,362 ppm,362,363 ppm,363,366 ppm,366,364,364
18/04/2022 09:45,365 ppm,365,366 ppm,366,380 ppm,380,363 ppm,363,360 ppm,360,367,364
18/04/2022 09:50,365 ppm,365,366 ppm,366,372 ppm,372,360 ppm,360,367 ppm,367,366,364
18/04/2022 09:55,365 ppm,365,361 ppm,361,371 ppm,371,365 ppm,365,365 ppm,365,365,364
18/04/2022 10:00,365 ppm,365,366 ppm,366,460 ppm,460,357 ppm,357,357 ppm,357,381,365
18/04/2022 10:05,365 ppm,365,359 ppm,359,388 ppm,388,368 ppm,368,365 ppm,365,369,366
18/04/2022 10:10,365 ppm,365,358 ppm,358,385 ppm,385,359 ppm,359,365 ppm,365,366,366
18/04/2022 10:15,365 ppm,365,360 ppm,360,375 ppm,375,360 ppm,360,364 ppm,364,365,366
18/04/2022 10:20,365 ppm,365,368 ppm,368,362 ppm,362,363 ppm,363,366 ppm,366,365,366
18/04/2022 10:25,365 ppm,365,366 ppm,366,444 ppm,444,359 ppm,359,366 ppm,366,380,367
18/04/2022 10:30,365 ppm,365,366 ppm,366,366 ppm,366,358 ppm,358,359 ppm,359,363,367
18/04/2022 10:35,365 ppm,365,365 ppm,365,364 ppm,364,364 ppm,364,366 ppm,366,365,368
18/04/2022 10:40,365 ppm,365,360 ppm,360,363 ppm,363,359 ppm,359,364 ppm,364,362,367
18/04/2022 10:45,365 ppm,365,370 ppm,370,364 ppm,364,358 ppm,358,357 ppm,357,363,367
18/04/2022 10:50,365 ppm,365,358 ppm,358,442 ppm,442,367 ppm,367,362 ppm,362,379,368
18/04/2022 10:55,365 ppm,365,360 ppm,360,374 ppm,374,368 ppm,368,359 ppm,359,365,368
18/04/2022 11:00,365 ppm,365,364 ppm,364,380 ppm,380,365 ppm,365,364 ppm,364,368,368
18/04/2022 11:05,365 ppm,365,365 ppm,365,358 ppm,358,361 ppm,361,362 ppm,362,362,368
18/04/2022 11:10,365 ppm,365,358 ppm,358,374 ppm,374,365 ppm,365,364 ppm,364,365,368
18/04/2022 11:15,365 ppm,365,366 ppm,366,415 ppm,415,361 ppm,361,364 ppm,364,374,367
18/04/2022 11:20,365 ppm,365,362 ppm,362,365 ppm,365,364 ppm,364,363 ppm,363,364,367
18/04/2022 11:25,365 ppm,365,360 ppm,360,389 ppm,389,360 ppm,360,362 ppm,362,367,367
18/04/2022 11:30,365 ppm,365,360 ppm,360,393 ppm,393,365 ppm,365,367 ppm,367,370,367
18/04/2022 11:35,365 ppm,365,365 ppm,365,363 ppm,363,367 ppm,367,360 ppm,360,364,367
18/04/2022 11:40,365 ppm,365,362 ppm,362,359 ppm,359,364 ppm,364,364 ppm,364,363,366
18/04/2022 11:45,365 ppm,365,365 ppm,365,365 ppm,365,365 ppm,365,362 ppm,362,364,366
18/04/2022 11:50,365 ppm,365,365 ppm,365,381 ppm,381,361 ppm,361,361 ppm,361,367,366
18/04/2022 11:55,365 ppm,365,365 ppm,365,359 ppm,359,363 ppm,363,362 ppm,362,363,367
18/04/2022 12:00,365 ppm,365,380 ppm,380,364 ppm,364,359 ppm,359,362 ppm,362,366,367
18/04/2022 12:05,365 ppm,365,367 ppm,367,380 ppm,380,362 ppm,362,363 ppm,363,367,366
18/04/2022 12:10,365 ppm,365,364 ppm,364,366 ppm,366,361 ppm,361,368 ppm,368,365,366
18/04/2022 12:15,365 ppm,365,363 ppm,363,375 ppm,375,360 ppm,360,359 ppm,359,364,366
18/04/2022 12:20,365 ppm,365,365 ppm,365,368 ppm,368,359 ppm,359,368 ppm,368,365,366
18/04/2022 12:25,365 ppm,365,366 ppm,366,360 ppm,360,364 ppm,364,356 ppm,356,362,366
18/04/2022 12:30,365 ppm,365,362 ppm,362,368 ppm,368,364 ppm,364,361 ppm,361,364,365
18/04/2022 12:35,365 ppm,365,361 ppm,361,372 ppm,372,358 ppm,358,360 ppm,360,363,365
18/04/2022 12:40,365 ppm,365,363 ppm,363,367 ppm,367,365 ppm,365,369 ppm,369,366,365
18/04/2022 12:45,365 ppm,365,364 ppm,364,397 ppm,397,367 ppm,367,363 ppm,363,371,365
18/04/2022 12:50,365 ppm,365,362 ppm,362,364 ppm,364,359 ppm,359,357 ppm,357,361,365
18/04/2022 12:55,365 ppm,365,366 ppm,366,415 ppm,415,359 ppm,359,358 ppm,358,373,365
18/04/2022 13:00,365 ppm,365,363 ppm,363,365 ppm,365,363 ppm,363,362 ppm,362,364,365
18/04/2022 13:05,365 ppm,365,362 ppm,362,365 ppm,365,363 ppm,363,365 ppm,365,364,365
18/04/2022 13:10,365 ppm,365,380 ppm,380,361 ppm,361,363 ppm,363,358 ppm,358,365,365
18/04/2022 13:15,365 ppm,365,357 ppm,357,363 ppm,363,362 ppm,362,360 ppm,360,361,365
18/04/2022 13:20,365 ppm,365,367 ppm,367,357 ppm,357,364 ppm,364,362 ppm,362,363,365
18/04/2022 13:25,365 ppm,365,367 ppm,367,399 ppm,399,366 ppm,366,356 ppm,356,371,365
18/04/2022 13:30,365 ppm,365,361 ppm,361,394 ppm,394,367 ppm,367,364 ppm,364,370,366
18/04/2022 13:35,365 ppm,365,359 ppm,359,374 ppm,374,360 ppm,360,359 ppm,359,363,365
18/04/2022 13:40,365 ppm,365,363 ppm,363,396 ppm,396,365 ppm,365,357 ppm,357,369,366
18/04/2022 13:45,365 ppm,365,367 ppm,367,360 ppm,360,361 ppm,361,363 ppm,363,363,366
18/04/2022 13:50,365 ppm,365,362 ppm,362,375 ppm,375,363 ppm,363,368 ppm,368,367,366
18/04/2022 13:55,365 ppm,365,363 ppm,363,365 ppm,365,360 ppm,360,366 ppm,366,364,366
18/04/2022 14:00,365 ppm,365,358 ppm,358,365 ppm,365,363 ppm,363,365 ppm,365,363,365
18/04/2022 14:05,365 ppm,365,357 ppm,357,377 ppm,377,362 ppm,362,365 ppm,365,365,366
18/04/2022 14:10,365 ppm,365,365 ppm,365,362 ppm,362,362 ppm,362,366 ppm,366,364,365
18/04/2022 14:15,365 ppm,365,364 ppm,364,416 ppm,416,364 ppm,364,362 ppm,362,374,366
18/04/2022 14:20,365 ppm,365,360 ppm,360,362 ppm,362,365 ppm,365,359 ppm,359,362,366
18/04/2022 14:25,365 ppm,365,364 ppm,364,369 ppm,369,357 ppm,357,359 ppm,359,363,366
18/04/2022 14:30,365 ppm,365,362 ppm,362,368 ppm,368,357 ppm,357,365 ppm,365,363,366
18/04/2022 14:35,365 ppm,365,360 ppm,360,358 ppm,358,366 ppm,366,356 ppm,356,361,366
18/04/2022 14:40,365 ppm,365,366 ppm,366,438 ppm,438,358 ppm,358,367 ppm,367,379,366
18/04/2022 14:45,365 ppm,365,358 ppm,358,362 ppm,362,359 ppm,359,365 ppm,365,362,366
18/04/2022 14:50,365 ppm,365,358 ppm,358,361 ppm,361,357 ppm,357,363 ppm,363,361,365
18/04/2022 14:55,365 ppm,365,367 ppm,367,361 ppm,361,359 ppm,359,364 ppm,364,363,365
18/04/2022 15:00,365 ppm,365,363 ppm,363,362 ppm,362,357 ppm,357,366 ppm,366,363,365
18/04/2022 15:05,365 ppm,365,360 ppm,360,382 ppm,382,358 ppm,358,363 ppm,363,366,365
18/04/2022 15:10,365 ppm,365,363 ppm,363,364 ppm,364,367 ppm,367,358 ppm,358,363,365
18/04/2022 15:15,365 ppm,365,359 ppm,359,386 ppm,386,366 ppm,366,366 ppm,366,368,365
18/04/2022 15:20,365 ppm,365,361 ppm,361,366 ppm,366,365 ppm,365,363 ppm,363,364,365
18/04/2022 15:25,365 ppm,365,368 ppm,368,394 ppm,394,366 ppm,366,359 ppm,359,370,366
18/04/2022 15:30,365 ppm,365,362 ppm,362,383 ppm,383,357 ppm,357,362 ppm,362,366,365
18/04/2022 15:35,365 ppm,365,369 ppm,369,367 ppm,367,362 ppm,362,365 ppm,365,366,365
18/04/2022 15:40,365 ppm,365,358 ppm,358,363 ppm,363,365 ppm,365,359 ppm,359,362,365
18/04/2022 15:45,365 ppm,365,356 ppm,356,365 ppm,365,361 ppm,361,358 ppm,358,361,365
18/04/2022 15:50,365 ppm,365,361 ppm,361,393 ppm,393,367 ppm,367,368 ppm,368,371,366
18/04/2022 15:55,365 ppm,365,367 ppm,367,362 ppm,362,359 ppm,359,358 ppm,358,362,365
18/04/2022 16:00,365 ppm,365,362 ppm,362,359 ppm,359,361 ppm,361,359 ppm,359,361,364
18/04/2022 16:05,365 ppm,365,360 ppm,360,364 ppm,364,361 ppm,361,361 ppm,361,362,365
18/04/2022 16:10,365 ppm,365,364 ppm,364,365 ppm,365,364 ppm,364,359 ppm,359,363,365
18/04/2022 16:15,365 ppm,365,356 ppm,356,380 ppm,380,357 ppm,357,362 ppm,362,364,365
18/04/2022 16:20,365 ppm,365,367 ppm,367,377 ppm,377,360 ppm,360,365 ppm,365,367,365
18/04/2022 16:25,365 ppm,365,364 ppm,364,362 ppm,362,366 ppm,366,361 ppm,361,364,365
18/04/2022 16:30,365 ppm,365,368 ppm,368,363 ppm,363,362 ppm,362,358 ppm,358,363,364
18/04/2022 16:35,365 ppm,365,364 ppm,364,381 ppm,381,368 ppm,368,361 ppm,361,368,365
18/04/2022 16:40,365 ppm,365,361 ppm,361,360 ppm,360,360 ppm,360,359 ppm,359,361,364
18/04/2022 16:45,365 ppm,365,358 ppm,358,361 ppm,361,368 ppm,368,365 ppm,365,363,364
18/04/2022 16:50,365 ppm,365,359 ppm,359,374 ppm,374,359 ppm,359,363 ppm,363,364,364
18/04/2022 16:55,365 ppm,365,364 ppm,364,452 ppm,452,359 ppm,359,362 ppm,362,380,365
18/04/2022 17:00,365 ppm,365,370 ppm,370,357 ppm,357,364 ppm,364,364 ppm,364,364,365
18/04/2022 17:05,365 ppm,365,357 ppm,357,378 ppm,378,357 ppm,357,359 ppm,359,363,365
18/04/2022 17:10,365 ppm,365,364 ppm,364,360 ppm,360,359 ppm,359,357 ppm,357,361,365
18/04/2022 17:15,365 ppm,365,366 ppm,366,356 ppm,356,359 ppm,359,359 ppm,359,361,365
18/04/2022 17:20,365 ppm,365,359 ppm,359,399 ppm,399,367 ppm,367,365 ppm,365,371,365
18/04/2022 17:25,365 ppm,365,363 ppm,363,381 ppm,381,360 ppm,360,363 ppm,363,366,365
18/04/2022 17:30,365 ppm,365,356 ppm,356,388 ppm,388,357 ppm,357,365 ppm,365,366,366
18/04/2022 17:35,365 ppm,365,360 ppm,360,388 ppm,388,359 ppm,359,368 ppm,368,368,366
18/04/2022 17:40,365 ppm,365,363 ppm,363,377 ppm,377,366 ppm,366,359 ppm,359,366,366
18/04/2022 17:45,365 ppm,365,361 ppm,361,367 ppm,367,367 ppm,367,364 ppm,364,365,366
18/04/2022 17:50,365 ppm,365,361 ppm,361,358 ppm,358,358 ppm,358,360 ppm,360,360,365
18/04/2022 17:55,365 ppm,365,359 ppm,359,368 ppm,368,357 ppm,357,362 ppm,362,362,365
18/04/2022 18:00,365 ppm,365,365 ppm,365,402 ppm,402,359 ppm,359,359 ppm,359,370,366
18/04/2022 18:05,365 ppm,365,358 ppm,358,375 ppm,375,364 ppm,364,357 ppm,357,364,366
18/04/2022 18:10,365 ppm,365,366 ppm,366,365 ppm,365,366 ppm,366,358 ppm,358,364,365
18/04/2022 18:15,365 ppm,365,360 ppm,360,359 ppm,359,364 ppm,364,363 ppm,363,362,365
18/04/2022 18:20,365 ppm,365,359 ppm,359,363 ppm,363,366 ppm,366,365 ppm,365,364,365
18/04/2022 18:25,365 ppm,365,359 ppm,359,404 ppm,404,366 ppm,366,361 ppm,361,371,365
18/04/2022 18:30,365 ppm,365,375 ppm,375,378 ppm,378,361 ppm,361,358 ppm,358,367,366
18/04/2022 18:35,365 ppm,365,357 ppm,357,365 ppm,365,360 ppm,360,366 ppm,366,363,365
18/04/2022 18:40,365 ppm,365,406 ppm,406,370 ppm,370,361 ppm,361,367 ppm,367,374,366
18/04/2022 18:45,365 ppm,365,363 ppm,363,406 ppm,406,360 ppm,360,363 ppm,363,371,366
18/04/2022 18:50,365 ppm,365,359 ppm,359,377 ppm,377,363 ppm,363,361 ppm,361,365,366
18/04/2022 18:55,365 ppm,365,364 ppm,364,380 ppm,380,365 ppm,365,364 ppm,364,368,366
18/04/2022 19:00,365 ppm,365,359 ppm,359,367 ppm,367,360 ppm,360,359 ppm,359,362,366
18/04/2022 19:05,365 ppm,365,361 ppm,361,365 ppm,365,359 ppm,359,366 ppm,366,363,366
18/04/2022 19:10,365 ppm,365,360 ppm,360,434 ppm,434,364 ppm,364,363 ppm,363,377,367
18/04/2022 19:15,365 ppm,365,357 ppm,357,389 ppm,389,364 ppm,364,364 ppm,364,368,367
18/04/2022 19:20,365 ppm,365,357 ppm,357,359 ppm,359,362 ppm,362,360 ppm,360,361,367
18/04/2022 19:25,365 ppm,365,364 ppm,364,364 ppm,364,361 ppm,361,360 ppm,360,363,367
18/04/2022 19:30,365 ppm,365,363 ppm,363,418 ppm,418,359 ppm,359,361 ppm,361,373,367
18/04/2022 19:35,365 ppm,365,375 ppm,375,368 ppm,368,366 ppm,366,363 ppm,363,367,368
18/04/2022 19:40,365 ppm,365,363 ppm,363,364 ppm,364,361 ppm,361,367 ppm,367,364,367
18/04/2022 19:45,365 ppm,365,364 ppm,364,358 ppm,358,367 ppm,367,361 ppm,361,363,367
18/04/2022 19:50,365 ppm,365,367 ppm,367,364 ppm,364,364 ppm,364,364 ppm,364,365,367
18/04/2022 19:55,365 ppm,365,367 ppm,367,389 ppm,389,365 ppm,365,362 ppm,362,370,367
18/04/2022 20:00,365 ppm,365,363 ppm,363,366 ppm,366,367 ppm,367,361 ppm,361,364,366
18/04/2022 20:05,365 ppm,365,367 ppm,367,380 ppm,380,366 ppm,366,364 ppm,364,368,366
18/04/2022 20:10,365 ppm,365,359 ppm,359,366 ppm,366,367 ppm,367,364 ppm,364,364,366
18/04/2022 20:15,365 ppm,365,362 ppm,362,360 ppm,360,364 ppm,364,363 ppm,363,363,366
18/04/2022 20:20,365 ppm,365,368 ppm,368,398 ppm,398,364 ppm,364,367 ppm,367,372,367
18/04/2022 20:25,365 ppm,365,364 ppm,364,382 ppm,382,365 ppm,365,367 ppm,367,369,366
18/04/2022 20:30,365 ppm,365,364 ppm,364,377 ppm,377,365 ppm,365,360 ppm,360,366,366
18/04/2022 20:35,365 ppm,365,371 ppm,371,367 ppm,367,358 ppm,358,363 ppm,363,365,366
18/04/2022 20:40,365 ppm,365,365 ppm,365,411 ppm,411,365 ppm,365,359 ppm,359,373,367
18/04/2022 20:45,365 ppm,365,364 ppm,364,412 ppm,412,357 ppm,357,361 ppm,361,372,367
18/04/2022 20:50,365 ppm,365,367 ppm,367,365 ppm,365,357 ppm,357,364 ppm,364,364,367
18/04/2022 20:55,365 ppm,365,359 ppm,359,360 ppm,360,362 ppm,362,365 ppm,365,362,367
18/04/2022 21:00,365 ppm,365,364 ppm,364,362 ppm,362,363 ppm,363,366 ppm,366,364,367
18/04/2022 21:05,365 ppm,365,363 ppm,363,378 ppm,378,363 ppm,363,358 ppm,358,365,367
18/04/2022 21:10,365 ppm,365,365 ppm,365,408 ppm,408,367 ppm,367,367 ppm,367,374,367
18/04/2022 21:15,365 ppm,365,359 ppm,359,362 ppm,362,363 ppm,363,362 ppm,362,362,367
18/04/2022 21:20,365 ppm,365,361 ppm,361,379 ppm,379,366 ppm,366,362 ppm,362,367,367
18/04/2022 21:25,365 ppm,365,366 ppm,366,383 ppm,383,361 ppm,361,360 ppm,360,367,367
18/04/2022 21:30,365 ppm,365,364 ppm,364,407 ppm,407,360 ppm,360,366 ppm,366,372,368
18/04/2022 21:35,365 ppm,365,365 ppm,365,357 ppm,357,368 ppm,368,368 ppm,368,365,367
18/04/2022 21:40,365 ppm,365,357 ppm,357,393 ppm,393,368 ppm,368,359 ppm,359,368,367
18/04/2022 21:45,365 ppm,365,358 ppm,358,386 ppm,386,363 ppm,363,363 ppm,363,367,367
18/04/2022 21:50,365 ppm,365,360 ppm,360,362 ppm,362,365 ppm,365,361 ppm,361,363,367
18/04/2022 21:55,365 ppm,365,361 ppm,361,366 ppm,366,364 ppm,364,361 ppm,361,363,366
18/04/2022 22:00,365 ppm,365,356 ppm,356,362 ppm,362,361 ppm,361,358 ppm,358,360,366
18/04/2022 22:05,365 ppm,365,360 ppm,360,382 ppm,382,365 ppm,365,378 ppm,378,370,366
18/04/2022 22:10,365 ppm,365,360 ppm,360,393 ppm,393,368 ppm,368,389 ppm,389,375,367
18/04/2022 22:15,365 ppm,365,366 ppm,366,424 ppm,424,375 ppm,375,509 ppm,509,408,370
18/04/2022 22:20,365 ppm,365,363 ppm,363,380 ppm,380,363 ppm,363,359 ppm,359,366,370
18/04/2022 22:25,365 ppm,365,362 ppm,362,365 ppm,365,364 ppm,364,474 ppm,474,386,371
18/04/2022 22:30,365 ppm,365,368 ppm,368,359 ppm,359,365 ppm,365,416 ppm,416,375,371
18/04/2022 22:35,365 ppm,365,359 ppm,359,358 ppm,358,364 ppm,364,374 ppm,374,364,371
18/04/2022 22:40,365 ppm,365,365 ppm,365,382 ppm,382,361 ppm,361,366 ppm,366,368,371
18/04/2022 22:45,365 ppm,365,364 ppm,364,367 ppm,367,358 ppm,358,367 ppm,367,364,371
18/04/2022 22:50,365 ppm,365,357 ppm,357,361 ppm,361,363 ppm,363,362 ppm,362,362,371
18/04/2022 22:55,365 ppm,365,361 ppm,361,365 ppm,365,365 ppm,365,362 ppm,362,364,370
18/04/2022 23:00,365 ppm,365,365 ppm,365,367 ppm,367,357 ppm,357,361 ppm,361,363,370
18/04/2022 23:05,365 ppm,365,362 ppm,362,379 ppm,379,363 ppm,363,358 ppm,358,365,370
18/04/2022 23:10,365 ppm,365,362 ppm,362,365 ppm,365,363 ppm,363,365 ppm,365,364,370
18/04/2022 23:15,365 ppm,365,362 ppm,362,359 ppm,359,359 ppm,359,359 ppm,359,361,370
18/04/2022 23:20,365 ppm,365,362 ppm,362,359 ppm,359,358 ppm,358,361 ppm,361,361,370
18/04/2022 23:25,365 ppm,365,359 ppm,359,361 ppm,361,363 ppm,363,365 ppm,365,363,369
18/04/2022 23:30,365 ppm,365,359 ppm,359,367 ppm,367,364 ppm,364,358 ppm,358,363,366
18/04/2022 23:35,365 ppm,365,358 ppm,358,358 ppm,358,367 ppm,367,364 ppm,364,362,366
18/04/2022 23:40,365 ppm,365,363 ppm,363,387 ppm,387,360 ppm,360,365 ppm,365,368,364
18/04/2022 23:45,365 ppm,365,361 ppm,361,375 ppm,375,360 ppm,360,358 ppm,358,364,364
18/04/2022 23:50,365 ppm,365,363 ppm,363,362 ppm,362,364 ppm,364,360 ppm,360,363,364
18/04/2022 23:55,365 ppm,365,367 ppm,367,366 ppm,366,365 ppm,365,366 ppm,366,366,363
